date,rain,t_max,t_min
2015/1/1,0,8.2,0.7
2015/1/2,0,7.9,-2.2
2015/1/3,0,8.9,-1.1
2015/1/4,0,9.3,-0.4
2015/1/5,0,12.9,1.3
2015/1/6,6.5,16,5.8
2015/1/7,0,10.2,3
2015/1/8,0,11.2,2
2015/1/9,0,11,3.5
2015/1/10,0,11.2,1.9
2015/1/11,0,10.8,0.2
2015/1/12,0,9,2
2015/1/13,0,11.8,2.5
2015/1/14,0,11.5,1.2
2015/1/15,35.5,8.2,3.4
2015/1/16,0,13.2,4.9
2015/1/17,0,11.6,1.3
2015/1/18,0,10.9,-0.5
2015/1/19,0,11.7,-0.7
2015/1/20,0,11.2,2.7
2015/1/21,4,3.8,1.5
2015/1/22,7.5,5.6,3.2
2015/1/23,7.5,12.8,3.7
2015/1/24,0,8.1,2.9
2015/1/25,0,12.2,0.9
2015/1/26,0.5,12.9,5.6
2015/1/27,14.5,16.4,5.8
2015/1/28,0,9.7,1.4
2015/1/29,0,8.2,-0.9
2015/1/30,16.5,4.7,0.4
2015/1/31,0,10.5,0.8
2015/2/1,0,8.6,0.7
2015/2/2,0,9.6,1
2015/2/3,0,10.3,0.4
2015/2/4,0,9.6,1.1
2015/2/5,9,5.1,1.1
2015/2/6,0,12,-0.3
2015/2/7,1.5,9.6,1.2
2015/2/8,6,6.8,2
2015/2/9,0,4.9,-0.6
2015/2/10,0,8.1,-2.4
2015/2/11,0,10.9,0.2
2015/2/12,0,13,1.2
2015/2/13,0,12.3,1.1
2015/2/14,0,10.6,-1.4
2015/2/15,0,11.7,0.3
2015/2/16,0,13.2,1.5
2015/2/17,3,5.4,1.3
2015/2/18,10.5,4.3,2.5
2015/2/19,0,13,0.9
2015/2/20,0,11.9,2.5
2015/2/21,0,10.5,2
2015/2/22,1.5,8,4.4
2015/2/23,16,19.2,6.3
2015/2/24,0,12.7,7.2
2015/2/25,0,13.2,7.5
2015/2/26,14.5,7.9,5
2015/2/27,0,15.3,3.8
2015/2/28,0,12.8,3
2015/3/1,29,9.8,5.4
2015/3/2,0,14.1,5.1
2015/3/3,0.5,7.7,3.6
2015/3/4,18.5,17.5,3.2
2015/3/5,0,14.3,5.4
2015/3/6,0,12,4.9
2015/3/7,4.5,8.2,3.9
2015/3/8,0.5,10.9,5.9
2015/3/9,23,9.9,8.4
2015/3/10,2.5,13.7,1.7
2015/3/11,0,12.2,-0.4
2015/3/12,0,14.8,3.6
2015/3/13,0,14.4,1.8
2015/3/14,0,13.5,4.7
2015/3/15,0,13,4.9
2015/3/16,10,16,7.3
2015/3/17,0.5,21.2,9.2
2015/3/18,0,21.7,10.7
2015/3/19,5,15.9,10.3
2015/3/20,0,14.9,9.9
2015/3/21,0,16,7.2
2015/3/22,0,18.7,6.6
2015/3/23,0,17,4.7
2015/3/24,0,15.1,3.9
2015/3/25,0,14.3,2.7
2015/3/26,0,15.8,4.9
2015/3/27,0,20.4,4
2015/3/28,0,20.6,7.6
2015/3/29,0,21.1,9
2015/3/30,0,23.6,9.4
2015/3/31,0,23.2,9.8
2015/4/1,1.5,18.7,8.8
2015/4/2,0,17.4,6.5
2015/4/3,0,20.6,12.1
2015/4/4,0,19.1,10
2015/4/5,8,11.4,8.6
2015/4/6,0,22.9,11.2
2015/4/7,4.5,13,6.9
2015/4/8,20,7.6,2.4
2015/4/9,0,13.2,3.2
2015/4/10,9.5,12.1,5.3
2015/4/11,7.5,16.2,8.4
2015/4/12,0,18,8.4
2015/4/13,36.5,11.3,8.5
2015/4/14,22.5,14.1,9.3
2015/4/15,2,21.4,10.5
2015/4/16,0,21.5,8.8
2015/4/17,3.5,24.9,9.3
2015/4/18,0,19.7,6.8
2015/4/19,0,17.2,10.4
2015/4/20,10.5,20.7,13.6
2015/4/21,0.5,20.5,13.9
2015/4/22,2.5,21.4,11.2
2015/4/23,0,24.8,11.9
2015/4/24,0,23.9,14
2015/4/25,0,22.9,12.6
2015/4/26,0,23.8,12.4
2015/4/27,0,25,13.3
2015/4/28,0,27.2,14.6
2015/4/29,0,24.3,15
2015/4/30,0,24,14.7
2015/5/1,0,27.5,14.5
2015/5/2,0,27.6,15.2
2015/5/3,0,27,17.2
2015/5/4,0,26.6,18.5
2015/5/5,0,22.4,13.1
2015/5/6,0,24.7,11.6
2015/5/7,0,24.7,15.7
2015/5/8,0,26.8,15.8
2015/5/9,0,21.3,16.3
2015/5/10,0,27,13.8
2015/5/11,0,23.5,12.1
2015/5/12,58.5,22.7,15.9
2015/5/13,0,28.4,17.4
2015/5/14,0,28.6,16.9
2015/5/15,0,27.8,18.9
2015/5/16,3.5,23.7,19.5
2015/5/17,0,27.8,18.9
2015/5/18,3.5,26.2,17.5
2015/5/19,4.5,24.2,16.6
2015/5/20,0.5,27.3,18.3
2015/5/21,8.5,25.7,13.4
2015/5/22,0,26,15
2015/5/23,0,27.1,16.1
2015/5/24,0,26,17.3
2015/5/25,0,26.1,16.6
2015/5/26,0,30.9,16.9
2015/5/27,0,30.2,18.7
2015/5/28,0,26.8,18.4
2015/5/29,9,22.8,18.3
2015/5/30,0,29.6,18.4
2015/5/31,0,32.2,20.6
2015/6/1,0,27.7,20.8
2015/6/2,0,28.7,19.7
2015/6/3,16,22.9,20.1
2015/6/4,0,29.1,18.6
2015/6/5,27,22.5,14.2
2015/6/6,23.5,24.6,13.4
2015/6/7,0,25.5,16.1
2015/6/8,0.5,25.3,17.2
2015/6/9,33,21.9,17.3
2015/6/10,0,27.8,17.5
2015/6/11,0,27.5,18.9
2015/6/12,4.5,25,18.9
2015/6/13,0,29,20.8
2015/6/14,1.5,26.8,20.5
2015/6/15,0,30.8,19.5
2015/6/16,31,27.2,20
2015/6/17,11,24.8,19.8
2015/6/18,0,26.1,19.8
2015/6/19,10.5,20.8,17.6
2015/6/20,0,26.9,17.2
2015/6/21,0.5,22.8,18.2
2015/6/22,0,26.8,18.5
2015/6/23,20,28.8,18.4
2015/6/24,0,29.9,18
2015/6/25,0,28.7,20.6
2015/6/26,13,25.6,20.6
2015/6/27,3,25.5,20.6
2015/6/28,0,31.4,18.4
2015/6/29,0,26.3,18
2015/6/30,0.5,26.7,19.8
2015/7/1,13.5,22.4,19.2
2015/7/2,2.5,25,20.1
2015/7/3,67.5,23.4,20.8
2015/7/4,4,25.9,20.8
2015/7/5,20,21.9,19.1
2015/7/6,14.5,21.1,18.9
2015/7/7,0,24.3,18.7
2015/7/8,11,26.6,19.2
2015/7/9,11,20.4,18.6
2015/7/10,0.5,28.9,17.6
2015/7/11,0,31.3,21.1
2015/7/12,0,32,22.4
2015/7/13,0,34.2,24.1
2015/7/14,0,34.3,26.7
2015/7/15,0,33.2,24.2
2015/7/16,63.5,28.9,23.6
2015/7/17,14.5,30.4,22.8
2015/7/18,0.5,29.9,25.6
2015/7/19,0,34.8,25
2015/7/20,0,33.5,25.8
2015/7/21,0,34.9,25.4
2015/7/22,0,32.8,25.4
2015/7/23,4.5,30.4,24.7
2015/7/24,7,33.9,25
2015/7/25,0,33.1,24.7
2015/7/26,0,35.8,26
2015/7/27,0,35,25.6
2015/7/28,0,34.1,27.1
2015/7/29,0,32.5,27.1
2015/7/30,0,34.3,26.5
2015/7/31,0,35,25.9
2015/8/1,0,35.3,26.6
2015/8/2,0,35.1,26.3
2015/8/3,0,35,26.1
2015/8/4,0,35.1,26.5
2015/8/5,0,35.2,25.7
2015/8/6,0,35.9,26.8
2015/8/7,0,37.7,26.8
2015/8/8,0,32.6,24.9
2015/8/9,0,33.4,24.7
2015/8/10,1,31.9,25.5
2015/8/11,0,35.5,25.3
2015/8/12,0,33.7,26.3
2015/8/13,1,30.5,25.3
2015/8/14,2,31.8,24
2015/8/15,0,33.1,24.1
2015/8/16,8,31.9,24.6
2015/8/17,33.5,28,23.6
2015/8/18,0,31.9,26
2015/8/19,0,31.4,25.7
2015/8/20,8,27,24
2015/8/21,2.5,29.4,24.5
2015/8/22,0,32.7,24.7
2015/8/23,0,31.4,24
2015/8/24,0,29.3,21.6
2015/8/25,0.5,22.9,18.2
2015/8/26,35.5,21.3,17.9
2015/8/27,0,27.3,20.2
2015/8/28,3,22.9,19.9
2015/8/29,2.5,21,19.1
2015/8/30,3.5,22.5,20.3
2015/8/31,2.5,24.1,20.6
2015/9/1,12,26.5,21.4
2015/9/2,5.5,31.5,24.5
2015/9/3,1.5,30.4,22.9
2015/9/4,14,30.1,22.3
2015/9/5,0,29.3,22.9
2015/9/6,46.5,27.5,22.4
2015/9/7,19,26.1,20.7
2015/9/8,65.5,21,18.8
2015/9/9,156.5,25.3,18.7
2015/9/10,50,23.5,19.8
2015/9/11,0,29.3,19.7
2015/9/12,0,29.5,20.5
2015/9/13,0,27.5,21.7
2015/9/14,0,27.3,20.5
2015/9/15,0,27.5,18.8
2015/9/16,4,25.2,17.8
2015/9/17,74.5,18.9,16.1
2015/9/18,5.5,23.9,18
2015/9/19,0,29.3,20.4
2015/9/20,0,28.4,19.8
2015/9/21,0,27.5,19.5
2015/9/22,0,28.5,19.6
2015/9/23,0,27.2,18.9
2015/9/24,1,23,18.2
2015/9/25,43,19.5,16.1
2015/9/26,5,24.6,17.5
2015/9/27,0,24.5,19.8
2015/9/28,0,27.8,19.3
2015/9/29,0,26.6,19.6
2015/9/30,0,25.8,17.3
2015/10/1,7.5,23.4,14.8
2015/10/2,22,28.1,18.7
2015/10/3,0,26.7,18.3
2015/10/4,0,27.1,17.1
2015/10/5,0,20.1,16.4
2015/10/6,0,22.4,13.9
2015/10/7,0,22.4,13.8
2015/10/8,0,24.6,12.1
2015/10/9,0,25.5,15.3
2015/10/10,0,20.4,14.6
2015/10/11,15,21,16.4
2015/10/12,0,23.1,15.4
2015/10/13,0,24.2,14.2
2015/10/14,0,23.2,14.9
2015/10/15,0.5,23.1,13.7
2015/10/16,7,17.6,14.9
2015/10/17,5,20.3,15.7
2015/10/18,0,23.9,15.8
2015/10/19,0,24.3,14.6
2015/10/20,0,23.9,15.5
2015/10/21,0,20.8,15.3
2015/10/22,0,23.2,13.5
2015/10/23,0,21.3,15.7
2015/10/24,0,23.9,15.2
2015/10/25,0,19.9,13.1
2015/10/26,0,20.4,11.7
2015/10/27,0,24.9,10.3
2015/10/28,0,26.1,16.1
2015/10/29,0,19.1,15.4
2015/10/30,0,21.6,14
2015/10/31,0,16.6,11.8
2015/11/1,0,17.4,9.5
2015/11/2,38,15.3,9.6
2015/11/3,0,21.3,12.3
2015/11/4,0,20.1,9.6
2015/11/5,0,21.1,10.3
2015/11/6,0,22.2,10.5
2015/11/7,0,20.9,13
2015/11/8,14,17.9,14.2
2015/11/9,1,22.9,14.9
2015/11/10,7.5,18.2,13.8
2015/11/11,0,18.4,12.5
2015/11/12,0,17.1,12
2015/11/13,0,16.8,10
2015/11/14,17.5,14,12.2
2015/11/15,8.5,20,13.6
2015/11/16,0,21.2,12.2
2015/11/17,3,23.7,15.6
2015/11/18,13,20.8,14.4
2015/11/19,7,18.6,12
2015/11/20,0,15,11.4
2015/11/21,0,20.8,10.1
2015/11/22,0,15.2,11.7
2015/11/23,0.5,13.2,11
2015/11/24,2,18.7,11.4
2015/11/25,7,12,5.5
2015/11/26,20.5,11.5,5.4
2015/11/27,0,14.7,6.2
2015/11/28,0,15.7,3.9
2015/11/29,0,14.5,6.1
2015/11/30,0,14.3,6.5
2015/12/1,0,16.2,5.6
2015/12/2,1,11.3,8
2015/12/3,1.5,13.5,8.5
2015/12/4,0,14.2,5.4
2015/12/5,0,16.1,4.4
2015/12/6,0,13.1,6.8
2015/12/7,0,12.6,5.7
2015/12/8,0,11.3,5.7
2015/12/9,0,12.7,2.8
2015/12/10,5.5,12.8,4.7
2015/12/11,64,24.1,6.9
2015/12/12,0,15.6,10.1
2015/12/13,1.5,11,9.5
2015/12/14,0,13.9,10.2
2015/12/15,0,14.9,9.6
2015/12/16,0,17.4,8
2015/12/17,0,13.4,6.2
2015/12/18,0,11.8,3.2
2015/12/19,0,12.1,3.1
2015/12/20,0,11.1,2.1
2015/12/21,0,13.3,5.6
2015/12/22,0,15.9,7.3
2015/12/23,4,8.6,5.5
2015/12/24,5,15.4,5.5
2015/12/25,0,15,7.6
2015/12/26,0,12.5,5.8
2015/12/27,0,10.5,3.7
2015/12/28,0,10.6,2.6
2015/12/29,0,11.5,1.9
2015/12/30,0,11,4
2015/12/31,0,11,3.2
2016/1/1,0,12.1,3.6
2016/1/2,0,13.4,2.6
2016/1/3,0,16.2,3
2016/1/4,0,15.2,4.4
2016/1/5,0,15.4,5.1
2016/1/6,0,11.3,7.1
2016/1/7,0,12.9,4.5
2016/1/8,0,10.9,3.1
2016/1/9,0,11.6,2.8
2016/1/10,0,12.9,2.4
2016/1/11,0,10.5,3.8
2016/1/12,0,6.1,0.9
2016/1/13,0,9.7,-0.9
2016/1/14,0,11.4,0.2
2016/1/15,0,10.9,2
2016/1/16,0,11.8,1.8
2016/1/17,3,8.6,2.3
2016/1/18,67,6.2,0.2
2016/1/19,0,8.6,0.9
2016/1/20,0,9.1,-0.7
2016/1/21,0,9.5,1
2016/1/22,0,10.3,3
2016/1/23,0,6.4,2.6
2016/1/24,0,9.2,-1.2
2016/1/25,0,8.4,-2.6
2016/1/26,0,9.6,-1.3
2016/1/27,0,13.4,-1.1
2016/1/28,0,14,2.1
2016/1/29,9.5,7.8,2.6
2016/1/30,5.5,5,1.5
2016/1/31,0,11.2,1.3
2016/2/1,0,6.7,2.6
2016/2/2,0,10.7,2.6
2016/2/3,0,9.2,1.5
2016/2/4,0,9.5,1.1
2016/2/5,0,13.3,0.6
2016/2/6,0,9.9,4.4
2016/2/7,0,9.4,1.5
2016/2/8,0,9.3,1.3
2016/2/9,0,14.7,0.6
2016/2/10,0,10.8,1.6
2016/2/11,0,11.5,1.7
2016/2/12,0,11.9,1.5
2016/2/13,0,21.8,8.3
2016/2/14,12.5,23,15.1
2016/2/15,0.5,15.5,3.2
2016/2/16,0,10,1.2
2016/2/17,0,13.4,1.3
2016/2/18,0,10.7,1.1
2016/2/19,0,16.5,2.4
2016/2/20,40.5,11.2,6.5
2016/2/21,0,15.7,6.2
2016/2/22,1.5,9.8,4.9
2016/2/23,0,10,4.9
2016/2/24,0.5,7.7,2.5
2016/2/25,0.5,8.4,0.4
2016/2/26,0,11.4,0.1
2016/2/27,0,12.5,2.7
2016/2/28,0.5,15,3.7
2016/2/29,0.5,14.8,4.8
2016/3/1,0,10.3,2.1
2016/3/2,0,12.4,1.1
2016/3/3,0,16.4,2.3
2016/3/4,0,15.9,5.6
2016/3/5,0,16.3,7.7
2016/3/6,2,17.3,9
2016/3/7,31.5,15.5,12.8
2016/3/8,0,20.8,12.7
2016/3/9,21.5,14.9,3.8
2016/3/10,0,8.5,3.6
2016/3/11,0,6.1,3
2016/3/12,0,8.4,2.9
2016/3/13,0,9.2,3.9
2016/3/14,37,6.9,3.9
2016/3/15,0.5,14.1,4
2016/3/16,0,13.9,2.9
2016/3/17,0,20.4,6.4
2016/3/18,2,21.4,7.6
2016/3/19,7.5,16.7,13.6
2016/3/20,0.5,19,8.3
2016/3/21,0,13.8,6.9
2016/3/22,0,17.5,5.4
2016/3/23,0,18,7.5
2016/3/24,0.5,9.5,4.1
2016/3/25,0,14.4,2.5
2016/3/26,0,12.5,5.1
2016/3/27,0,16.1,6
2016/3/28,0,16.8,9
2016/3/29,0,18.6,7.4
2016/3/30,0,20,9.4
2016/3/31,0,20.2,8.9
2016/4/1,2.5,18.4,8.1
2016/4/2,1.5,13.3,7.7
2016/4/3,4,17,9.5
2016/4/4,8,21.9,9.7
2016/4/5,1.5,12.8,9.1
2016/4/6,0,20.2,7.3
2016/4/7,33,20.1,11.8
2016/4/8,0,22.9,11.5
2016/4/9,0,23.5,10.9
2016/4/10,0,23.9,12.2
2016/4/11,0,17.1,7.4
2016/4/12,0,15.1,5.1
2016/4/13,1.5,19,10.6
2016/4/14,20,17.6,13.1
2016/4/15,0,21.4,11
2016/4/16,0,20.9,10.1
2016/4/17,6,23.1,16.6
2016/4/18,0.5,26.8,13.8
2016/4/19,0,21.9,12
2016/4/20,0,19.3,9.8
2016/4/21,6,20.2,13.3
2016/4/22,0,23.7,13.2
2016/4/23,0,22.4,14
2016/4/24,13.5,19.1,12.1
2016/4/25,0,23.1,13.5
2016/4/26,0,25.1,14.2
2016/4/27,0,21.8,15.2
2016/4/28,22,15.4,13.3
2016/4/29,0,21.4,11.4
2016/4/30,0,21.7,10.5
2016/5/1,0,25,11.9
2016/5/2,0,21.4,13.2
2016/5/3,0,24.7,17.1
2016/5/4,13.5,27,18.7
2016/5/5,0,27.4,17.1
2016/5/6,2.5,22.5,15.2
2016/5/7,0,26.4,15.4
2016/5/8,0,27,17.2
2016/5/9,19,21.8,16.2
2016/5/10,6,22.6,16.1
2016/5/11,5.5,27.1,16
2016/5/12,0,28,17.5
2016/5/13,0,26.5,16.5
2016/5/14,0,24.8,14.4
2016/5/15,0,23.7,12.5
2016/5/16,0,23.3,14.2
2016/5/17,31.5,20.5,14.9
2016/5/18,0,27.6,13.1
2016/5/19,0,25.1,14.8
2016/5/20,0,20.8,14.4
2016/5/21,0,26.3,12.8
2016/5/22,0,29.3,16.9
2016/5/23,0,30.9,15.1
2016/5/24,0,29.3,18
2016/5/25,0,24.5,20.5
2016/5/26,0,27.2,20.3
2016/5/27,36.5,22.4,15.2
2016/5/28,0,24.1,15.1
2016/5/29,0,27.9,16.1
2016/5/30,23,21.3,15.4
2016/5/31,0,24.9,16.3
2016/6/1,0,26.4,18
2016/6/2,0,26,16.3
2016/6/3,0,24.2,14.2
2016/6/4,0,27.2,16.3
2016/6/5,3,23.4,16.4
2016/6/6,0,23.9,16.3
2016/6/7,0.5,20.9,18.4
2016/6/8,0,27.3,16.5
2016/6/9,6.5,23.7,19.6
2016/6/10,0,28.8,19.4
2016/6/11,0,29.1,17.9
2016/6/12,0,28.3,20.4
2016/6/13,98.5,22.7,18.3
2016/6/14,0,26.2,18.4
2016/6/15,0,22.2,19.6
2016/6/16,7.5,24.4,19.7
2016/6/17,2.5,29.2,19.4
2016/6/18,0,33,21.1
2016/6/19,5,29.3,21.4
2016/6/20,4,28.8,20.4
2016/6/21,10,25.7,21.2
2016/6/22,0.5,23.9,21.1
2016/6/23,9.5,26.9,21.4
2016/6/24,1.5,25.3,20.9
2016/6/25,1,28.7,21.9
2016/6/26,0,30,21.5
2016/6/27,0,28.9,20.9
2016/6/28,23,22.8,17.1
2016/6/29,0.5,24.2,19.1
2016/6/30,1,27.1,20.1
2016/7/1,0,30.6,22
2016/7/2,0,31.8,23.4
2016/7/3,0,35.4,24.6
2016/7/4,1.5,33.8,23.6
2016/7/5,0,25.6,20.2
2016/7/6,0,26.9,20.5
2016/7/7,0,36.7,21.9
2016/7/8,0,29.8,22.1
2016/7/9,12.5,24.9,20.3
2016/7/10,0,31.3,20.2
2016/7/11,0,33.5,22.3
2016/7/12,0,31.8,24.6
2016/7/13,2,27.6,23.5
2016/7/14,21,32.9,21.3
2016/7/15,5.5,24,21
2016/7/16,0,27.7,20.1
2016/7/17,0,28.8,23.6
2016/7/18,0,33.5,25
2016/7/19,5,32.3,23.7
2016/7/20,1,29.9,23.3
2016/7/21,28.5,24.3,20.9
2016/7/22,3.5,22.7,20.4
2016/7/23,0,27.1,19.8
2016/7/24,0,29,19
2016/7/25,0,27.9,21.1
2016/7/26,1,27.4,21.4
2016/7/27,0,27.3,22.4
2016/7/28,0,31.1,23.3
2016/7/29,0,32.4,22.9
2016/7/30,0,32.9,22.1
2016/7/31,0,30.8,24.4
2016/8/1,2,31.5,24.6
2016/8/2,27,29.4,22.5
2016/8/3,16,32,23.4
2016/8/4,0,33,24.4
2016/8/5,0,33.4,24.6
2016/8/6,0,34.2,25.8
2016/8/7,0,33.6,24.5
2016/8/8,0,33.2,25.3
2016/8/9,0,37.7,25.7
2016/8/10,0,34,26
2016/8/11,0,32.1,25.2
2016/8/12,0,31.9,24.2
2016/8/13,0,31.8,23.3
2016/8/14,0,30.4,23.5
2016/8/15,0.5,30.8,24.4
2016/8/16,33,33.1,23.7
2016/8/17,14,34.3,23
2016/8/18,67,31.6,25.2
2016/8/19,5,32.3,25
2016/8/20,82,30,24.1
2016/8/21,0,33.5,23.5
2016/8/22,106.5,28.3,23.2
2016/8/23,0.5,30.4,24.2
2016/8/24,0,31.2,23.5
2016/8/25,0,32.7,23.5
2016/8/26,0,32.8,24
2016/8/27,2,27,21.6
2016/8/28,2,24.6,21.3
2016/8/29,16,30.1,22.1
2016/8/30,40.5,28.1,22.5
2016/8/31,0,31.1,22.5
2016/9/1,0,32.5,22
2016/9/2,0,29.8,23
2016/9/3,0,32.5,24.6
2016/9/4,3,31.9,24
2016/9/5,0,33,24.8
2016/9/6,0,32.4,25.9
2016/9/7,4.5,30.3,25.4
2016/9/8,11.5,30.4,24.7
2016/9/9,0,32.5,22.6
2016/9/10,0,31.2,23.3
2016/9/11,5,25.1,20.8
2016/9/12,0,27.7,22.5
2016/9/13,34.5,23.9,21.4
2016/9/14,0,26.6,20.6
2016/9/15,24,26.4,22.2
2016/9/16,3.5,24.4,21.9
2016/9/17,0,29.4,21.6
2016/9/18,2,26.9,22.2
2016/9/19,21.5,22.9,19.2
2016/9/20,91.5,20.1,17.6
2016/9/21,0,23.2,17.6
2016/9/22,56.5,20.9,18.1
2016/9/23,16.5,22.1,19.4
2016/9/24,10.5,23.9,20.8
2016/9/25,0,28.4,20.3
2016/9/26,0,30.1,21.9
2016/9/27,0,29.8,22.8
2016/9/28,0,30.6,24
2016/9/29,0,27.9,21.7
2016/9/30,2.5,24.7,18.8
2016/10/1,1.5,21.8,17.6
2016/10/2,0,27.6,18.6
2016/10/3,2,26.5,20.1
2016/10/4,0,32,19.7
2016/10/5,0.5,26.4,21.5
2016/10/6,0,31.3,21.4
2016/10/7,0,24.9,19
2016/10/8,10,25.3,18.2
2016/10/9,32.5,25.7,18.6
2016/10/10,0,19.6,17.4
2016/10/11,0,20.1,16.2
2016/10/12,0,23.2,13.7
2016/10/13,0,18.2,15.3
2016/10/14,0,19.5,12.6
2016/10/15,0,22.7,11.8
2016/10/16,0,22.9,12.7
2016/10/17,24,19.5,15.7
2016/10/18,6,26.3,16.7
2016/10/19,0,23.9,18.4
2016/10/20,0,27.7,17
2016/10/21,0,21.4,15.4
2016/10/22,0,18.3,14.7
2016/10/23,0,22.3,14.7
2016/10/24,0,19.1,11.9
2016/10/25,1,17.2,10
2016/10/26,0,25.7,12.6
2016/10/27,0,23.3,13.2
2016/10/28,18,14.8,10.1
2016/10/29,0,20.8,11.6
2016/10/30,1,13.5,9.6
2016/10/31,0,19.1,9.8
2016/11/1,10,16.4,11.7
2016/11/2,1.5,12.2,8.6
2016/11/3,3,19.4,8.4
2016/11/4,0,18.8,8.5
2016/11/5,0,19.5,11.2
2016/11/6,0,20.8,9.9
2016/11/7,0,14.4,8.2
2016/11/8,2,13.6,6.1
2016/11/9,5,14.6,7.9
2016/11/10,0,13,7.6
2016/11/11,49,12.1,5.7
2016/11/12,0,18.8,10
2016/11/13,0,18.6,9.1
2016/11/14,6,16.7,11.5
2016/11/15,0,19.3,12.7
2016/11/16,0,14.8,10.7
2016/11/17,0,18.3,7.8
2016/11/18,0,15.7,6.1
2016/11/19,18,12,7.9
2016/11/20,0,20.4,8.9
2016/11/21,2.5,14.7,10.2
2016/11/22,2,19.3,10.3
2016/11/23,0,14.7,8.5
2016/11/24,23,8.6,0.9
2016/11/25,0,10.8,0.3
2016/11/26,0,13.1,3.2
2016/11/27,9.5,13.8,8.6
2016/11/28,7.5,14,9.4
2016/11/29,0,14.3,7.5
2016/11/30,0,11.8,4.8
2016/12/1,10.5,16.5,5.9
2016/12/2,0,15.5,8.7
2016/12/3,0,15.9,5.7
2016/12/4,2.5,16,7.3
2016/12/5,1.5,18.3,8.1
2016/12/6,0,17.1,7
2016/12/7,0,11.2,4.9
2016/12/8,0,13.9,3
2016/12/9,0,17.4,3.8
2016/12/10,0,12.2,5.6
2016/12/11,0,10.9,3.5
2016/12/12,0,10.5,2.6
2016/12/13,3,15.3,3.4
2016/12/14,37,11.3,5.3
2016/12/15,0,10.1,3.1
2016/12/16,0,9.8,1.5
2016/12/17,0,13.1,0
2016/12/18,0,14.9,3.2
2016/12/19,0,15.7,4.7
2016/12/20,0,14.5,5.9
2016/12/21,0,17,5.2
2016/12/22,10.5,20.2,6.6
2016/12/23,7.5,19.6,8.5
2016/12/24,0,11.9,5.4
2016/12/25,0,10.5,4.5
2016/12/26,0,11,3.8
2016/12/27,11.5,18.8,5.5
2016/12/28,0,9.4,2
2016/12/29,0,8,0.7
2016/12/30,0,10.2,2.6
2016/12/31,0,11.8,1.5
2017/1/1,0,13.8,2
2017/1/2,0,13.3,3.8
2017/1/3,0,13.7,3.5
2017/1/4,0,14,3.6
2017/1/5,0,10.4,3.7
2017/1/6,0,8.8,1.5
2017/1/7,0,8.7,0.1
2017/1/8,20.5,6,1.6
2017/1/9,5.5,11.1,3.8
2017/1/10,0,12.7,3.5
2017/1/11,0,11,3.9
2017/1/12,0,12.1,0.7
2017/1/13,0,12.7,1.4
2017/1/14,0,6.3,-1.3
2017/1/15,0,4.7,-2.3
2017/1/16,0,8,-2
2017/1/17,0,10.9,0.7
2017/1/18,0,10.3,1.1
2017/1/19,0,10.9,2.4
2017/1/20,0,3.8,2.2
2017/1/21,0,11,1.2
2017/1/22,0,12.9,0.9
2017/1/23,0,7.9,0.2
2017/1/24,0,7.7,-1.9
2017/1/25,0,9.5,-1.2
2017/1/26,0,10.7,-1.4
2017/1/27,0,16,1.4
2017/1/28,0,13.6,4.6
2017/1/29,0,12,4.8
2017/1/30,0,19.5,6.7
2017/1/31,0,10,2.8
2017/2/1,0,10.6,2.2
2017/2/2,0,9.7,0.9
2017/2/3,0,13.7,1
2017/2/4,0,13.4,4.4
2017/2/5,0,9.9,3.4
2017/2/6,0,15.7,3.3
2017/2/7,0,10,2.2
2017/2/8,0,11,1.9
2017/2/9,8,5.4,1
2017/2/10,0.5,9.3,1.5
2017/2/11,0,10.1,-1.6
2017/2/12,0,11.2,-0.4
2017/2/13,0,11.8,1
2017/2/14,0,11.8,2.1
2017/2/15,0,12.8,1.2
2017/2/16,0,13.7,1.3
2017/2/17,0,20.6,4.8
2017/2/18,0,10.7,6.4
2017/2/19,0,11.5,1.6
2017/2/20,6.5,19.7,1.8
2017/2/21,0,9.9,3.6
2017/2/22,0,10.6,1.1
2017/2/23,0.5,16.3,8.4
2017/2/24,0,11.3,5.2
2017/2/25,0,12.7,3.5
2017/2/26,0,14.2,3.3
2017/2/27,0,9.7,4.3
2017/2/28,0,10.1,3.2
2017/3/1,4.5,11.1,1.4
2017/3/2,9.5,8.7,5.4
2017/3/3,0,16,3.7
2017/3/4,0,14.6,3
2017/3/5,0,15.9,4.9
2017/3/6,1,11.5,7.6
2017/3/7,0.5,10.9,2.3
2017/3/8,0,11.8,0
2017/3/9,0,13,1.3
2017/3/10,0,14.8,3.2
2017/3/11,0,13.2,4.3
2017/3/12,0,12.2,3.1
2017/3/13,0.5,12.8,6
2017/3/14,2.5,11,6.4
2017/3/15,1,7.5,4
2017/3/16,0,15.5,1.9
2017/3/17,0,15.2,3.8
2017/3/18,0,16.2,3.6
2017/3/19,0,18.6,5.1
2017/3/20,0,18.7,7
2017/3/21,25.5,12.9,6.8
2017/3/22,0,15,5.7
2017/3/23,0,15.7,4.3
2017/3/24,0,13.9,4.6
2017/3/25,0,12.7,3.4
2017/3/26,12.5,8.1,4.8
2017/3/27,21.5,8.3,2.4
2017/3/28,0,14.9,3.2
2017/3/29,0,14.7,4.3
2017/3/30,0,17.8,6.3
2017/3/31,6.5,12.3,4.9
2017/4/1,5.5,8.9,4.6
2017/4/2,0,14.2,4.6
2017/4/3,1.5,16.1,6.4
2017/4/4,0,17.3,4.5
2017/4/5,0,20.7,7.7
2017/4/6,0.5,21.2,12.9
2017/4/7,3,21.6,15.5
2017/4/8,7,17.7,12.6
2017/4/9,9,15.2,11.1
2017/4/10,0,15.7,6.9
2017/4/11,46,10.7,6.4
2017/4/12,0,21.6,8.3
2017/4/13,0,17.6,6.7
2017/4/14,0,21.5,7.4
2017/4/15,0,24.2,14.2
2017/4/16,0,26.1,12
2017/4/17,13,26.1,13.8
2017/4/18,17.5,25.7,14.1
2017/4/19,0,26.1,12.7
2017/4/20,0,21.1,10.9
2017/4/21,0,19.2,13
2017/4/22,15,18.4,9.7
2017/4/23,0.5,20.3,8.8
2017/4/24,0,19.6,10.1
2017/4/25,0,21,12
2017/4/26,0,19.4,13.9
2017/4/27,3.5,19.4,12.1
2017/4/28,0,21.6,11.5
2017/4/29,0,23.4,10.2
2017/4/30,0,24.3,10.7
2017/5/1,1,26,13.6
2017/5/2,0,23.3,11.3
2017/5/3,0,22.4,12.3
2017/5/4,0,23.3,15
2017/5/5,0,25.6,14.6
2017/5/6,0,28.2,15.3
2017/5/7,0,24.3,13.8
2017/5/8,0,27.8,13.6
2017/5/9,0,21.9,16.3
2017/5/10,4,17.9,15.1
2017/5/11,0,27.4,14.8
2017/5/12,0,28.3,17.2
2017/5/13,27,20.1,16.1
2017/5/14,0,20.4,15.3
2017/5/15,0,22.6,15.4
2017/5/16,0,23.4,16.4
2017/5/17,0,19.7,14.8
2017/5/18,1.5,23.6,14.5
2017/5/19,0,26.3,14.6
2017/5/20,0,28.7,15.5
2017/5/21,0,30.9,17.6
2017/5/22,0,29,18.2
2017/5/23,0,27.4,19
2017/5/24,0,26.2,19.2
2017/5/25,1,24,18
2017/5/26,14.5,20.8,17.3
2017/5/27,0,27.3,18
2017/5/28,0,26.7,17.9
2017/5/29,0,26.9,17
2017/5/30,0,29.1,17.2
2017/5/31,0,27.5,20.7
2017/6/1,15.5,26.4,19.3
2017/6/2,0,29.1,18.3
2017/6/3,0,26.6,16
2017/6/4,0,26.7,16.7
2017/6/5,3.5,25.6,15.3
2017/6/6,0,24.2,15.4
2017/6/7,0,22.6,17.9
2017/6/8,0,25.8,19.2
2017/6/9,0,28.1,20.6
2017/6/10,0,30.6,20
2017/6/11,0,25.3,19.1
2017/6/12,0,26.3,16.6
2017/6/13,9.5,19.4,14.8
2017/6/14,3.5,24.6,15.2
2017/6/15,0,26,17.4
2017/6/16,0,29,17.5
2017/6/17,0,27.7,17.9
2017/6/18,11.5,22.5,17.7
2017/6/19,1,30.5,17.3
2017/6/20,0,28,16.5
2017/6/21,45.5,24.4,19.8
2017/6/22,0,27.9,20
2017/6/23,0,30.2,19.1
2017/6/24,0,29,21.9
2017/6/25,10,23.9,21.5
2017/6/26,0.5,25.9,20.3
2017/6/27,1,25.6,21.3
2017/6/28,3,25,20.2
2017/6/29,0,29.1,19.9
2017/6/30,2,25.7,22.1
2017/7/1,2,25.3,22.1
2017/7/2,1,32,20.9
2017/7/3,0,32.5,24.5
2017/7/4,15,29.9,23.5
2017/7/5,0.5,31.4,21.6
2017/7/6,0,30.7,23.2
2017/7/7,0,32.3,23
2017/7/8,0,33.7,22.8
2017/7/9,0,32.5,23
2017/7/10,0,32.1,23
2017/7/11,0,31.6,24.8
2017/7/12,0,33.1,25.6
2017/7/13,0,33.4,26
2017/7/14,0,32.4,25.4
2017/7/15,0,33.7,23.6
2017/7/16,0,34.9,25.1
2017/7/17,0,35,25.3
2017/7/18,10.5,32.7,22.7
2017/7/19,0,31.1,22.9
2017/7/20,0,32.3,24.9
2017/7/21,0,33.7,25.8
2017/7/22,0,32.5,25.8
2017/7/23,0,28.5,26.2
2017/7/24,0,32.9,26.7
2017/7/25,0,32.7,27
2017/7/26,35,28.2,23.2
2017/7/27,0.5,26.7,22.5
2017/7/28,0,32.3,22.5
2017/7/29,16,33.5,23.7
2017/7/30,0.5,29.2,23.3
2017/7/31,0,33,23.2
2017/8/1,6.5,31,22.7
2017/8/2,0.5,25.4,20.9
2017/8/3,0,28.9,20.2
2017/8/4,0,29.2,22
2017/8/5,0.5,31.9,24.6
2017/8/6,0,33.5,26.3
2017/8/7,9,33.2,25.9
2017/8/8,0,33.9,26.9
2017/8/9,0,37.1,25.9
2017/8/10,2.5,28.4,22.4
2017/8/11,10.5,24.8,21.7
2017/8/12,9.5,29.3,21
2017/8/13,0,31.2,23.1
2017/8/14,9.5,25.2,23.4
2017/8/15,43.5,26.3,22.4
2017/8/16,18.5,22.8,21.1
2017/8/17,3.5,28.2,20.9
2017/8/18,0,30.2,24
2017/8/19,17,30.3,22.4
2017/8/20,0,29.3,22.4
2017/8/21,0.5,31.5,24.1
2017/8/22,0,31.9,24.4
2017/8/23,0,33.7,24.7
2017/8/24,0,34.8,26.4
2017/8/25,0,34.9,25.8
2017/8/26,0,33.6,26.1
2017/8/27,0,30.6,23.2
2017/8/28,0,31.4,22.3
2017/8/29,0,32.2,25.2
2017/8/30,2,32.9,24.1
2017/8/31,8,24.2,20
2017/9/1,9.5,27.4,17.3
2017/9/2,14.5,24.5,16.8
2017/9/3,0,27.2,16.4
2017/9/4,8,22.5,18.9
2017/9/5,0.5,27.3,18.8
2017/9/6,9.5,22.8,19.8
2017/9/7,3,24,20.2
2017/9/8,0,28.2,21
2017/9/9,0,29.2,21.5
2017/9/10,0,29.9,21.6
2017/9/11,3,29.8,22.8
2017/9/12,4.5,27,22.7
2017/9/13,0,31.2,22.1
2017/9/14,0,31,22.6
2017/9/15,0,28.5,19.9
2017/9/16,8,22.9,18.1
2017/9/17,52,20.9,17.9
2017/9/18,16,33.3,20.3
2017/9/19,0,28.2,21.3
2017/9/20,0,25.7,21.4
2017/9/21,0,29.5,19.6
2017/9/22,20.5,26.1,19.3
2017/9/23,12.5,24,17.7
2017/9/24,0,26.3,18
2017/9/25,0,28.9,19.6
2017/9/26,0,28.2,20
2017/9/27,2.5,26.5,21
2017/9/28,45.5,24.7,16.2
2017/9/29,0,24.2,16
2017/9/30,0,24.2,17.6
2017/10/1,0,24.9,16.1
2017/10/2,3.5,25.1,19.6
2017/10/3,0.5,27.8,19.3
2017/10/4,0,21.3,15.4
2017/10/5,0,20.7,14.3
2017/10/6,28,18.6,14
2017/10/7,33.5,22.4,14.8
2017/10/8,0,26.4,17.3
2017/10/9,0,25.3,16.2
2017/10/10,0,28.6,18.1
2017/10/11,0,23.4,19.7
2017/10/12,0.5,29,18.7
2017/10/13,4.5,19.8,14.5
2017/10/14,19,15.4,13.7
2017/10/15,13.5,16,14.1
2017/10/16,32,14.3,11.8
2017/10/17,7.5,15.6,11.6
2017/10/18,0,19.5,11.2
2017/10/19,42,12.3,9.9
2017/10/20,15.5,17,11.4
2017/10/21,21.5,17.2,15.2
2017/10/22,147.5,18.1,16.8
2017/10/23,40,22.7,15
2017/10/24,0,18.2,13.4
2017/10/25,9.5,14.4,11.2
2017/10/26,0,20.2,10.3
2017/10/27,0,20.7,9.5
2017/10/28,7.5,16.5,13.4
2017/10/29,105.5,16.3,13.4
2017/10/30,0,18.9,10.5
2017/10/31,0,16.9,9.1
2017/11/1,0,19.1,9.8
2017/11/2,0,20.8,9.6
2017/11/3,5.5,21.9,12
2017/11/4,0.5,21.8,11.9
2017/11/5,0,17.8,10.1
2017/11/6,0,19.8,8
2017/11/7,0,21.2,9.3
2017/11/8,0,18.4,11.5
2017/11/9,0,18.8,10.5
2017/11/10,0,17.7,9.1
2017/11/11,0,20.7,11.3
2017/11/12,0,16.1,9.2
2017/11/13,7,16.5,7.6
2017/11/14,4,15.3,10.3
2017/11/15,0,17,10.2
2017/11/16,0,16.4,7.9
2017/11/17,0,13.6,5.5
2017/11/18,0.5,15.1,8.2
2017/11/19,0,12.3,4.7
2017/11/20,0,10.4,3.6
2017/11/21,0,11.9,3.7
2017/11/22,2,11.5,3.2
2017/11/23,27,14.5,6.1
2017/11/24,0,14.8,5.1
2017/11/25,0,14.4,3.7
2017/11/26,0,18.2,3.5
2017/11/27,0,14.5,7.7
2017/11/28,0,15,9.9
2017/11/29,0,19.2,7.3
2017/11/30,0.5,14.3,7.7
2017/12/1,0,10.2,6.7
2017/12/2,0,11.1,4.5
2017/12/3,0,12.5,5.2
2017/12/4,0,12.6,4.6
2017/12/5,0,14.5,4.4
2017/12/6,0,11.1,2.8
2017/12/7,0,11.5,2.7
2017/12/8,4.5,9.5,2.6
2017/12/9,0,10.4,1.2
2017/12/10,0,13.3,1.3
2017/12/11,0,16,5.1
2017/12/12,0,10.3,3.8
2017/12/13,0,10.4,2.6
2017/12/14,0,10.1,1.6
2017/12/15,0,8.3,3
2017/12/16,0,13.3,2.1
2017/12/17,0,9.3,3.3
2017/12/18,0,9.5,-0.2
2017/12/19,0,12.8,0.3
2017/12/20,0,9.4,2.3
2017/12/21,0,10.4,0.7
2017/12/22,0,10.9,1.5
2017/12/23,0,13.4,1
2017/12/24,0,10.8,4.5
2017/12/25,10.5,15,5.4
2017/12/26,0,12.6,3.6
2017/12/27,0,9.2,1
2017/12/28,0,9.8,1.1
2017/12/29,0,10.5,2.3
2017/12/30,0,11.1,1
2017/12/31,0,5.4,2.2
2018/1/1,0,13,0.4
2018/1/2,0,10.8,0.8
2018/1/3,0,8.6,2.3
2018/1/4,0,9.6,0
2018/1/5,0,6.3,0.8
2018/1/6,0,10.5,-1.4
2018/1/7,0,11.6,1.2
2018/1/8,8,9.5,3.2
2018/1/9,1.5,16,3.3
2018/1/10,0,11.1,3.3
2018/1/11,0,10.2,0.8
2018/1/12,0,7,-1.6
2018/1/13,0,7.3,-0.8
2018/1/14,0,8.4,0.4
2018/1/15,0,12.4,-1.1
2018/1/16,0,13.7,1.4
2018/1/17,15,9.1,4.4
2018/1/18,0,13.7,3
2018/1/19,0,11.2,6
2018/1/20,0,10.1,4.3
2018/1/21,0,12,2.3
2018/1/22,24,5.3,-0.5
2018/1/23,0,10,-0.7
2018/1/24,0,7.3,-1.8
2018/1/25,0,4,-4
2018/1/26,0,5.1,-3.1
2018/1/27,0,7.3,-1.8
2018/1/28,0,5.5,-0.8
2018/1/29,0,9.7,-1.9
2018/1/30,0,6.6,0.8
2018/1/31,0,9.2,-1
2018/2/1,9,6.3,0.6
2018/2/2,6,3.8,0.5
2018/2/3,0,7.8,1.6
2018/2/4,0,9.8,1.9
2018/2/5,0,8.1,0.5
2018/2/6,0,8.2,-1.6
2018/2/7,0,9.1,-1.8
2018/2/8,0,9.2,-0.7
2018/2/9,0,9.5,-1.4
2018/2/10,1.5,11.9,0.3
2018/2/11,0,14.9,4.2
2018/2/12,0,9.7,-0.7
2018/2/13,0,9.7,-1.2
2018/2/14,0,11,-0.2
2018/2/15,0,15.1,5.5
2018/2/16,0,10,3.4
2018/2/17,0,12.3,0.6
2018/2/18,0,9.8,-1.8
2018/2/19,0,10.7,1.5
2018/2/20,0,12.4,3.2
2018/2/21,0,8.6,3.5
2018/2/22,2,5.7,1.5
2018/2/23,0.5,8.1,1.8
2018/2/24,0,14.4,0.5
2018/2/25,0,8.9,2.9
2018/2/26,0,10.9,3.9
2018/2/27,0,12.8,3.9
2018/2/28,1,14.7,3.3
2018/3/1,48,20.3,6.7
2018/3/2,0,14.4,5.4
2018/3/3,0,16.2,3.2
2018/3/4,0,21.2,5.8
2018/3/5,15.5,19.9,9.7
2018/3/6,3,12.5,4.4
2018/3/7,0,8.3,2.8
2018/3/8,26,9.8,3.6
2018/3/9,58,17.5,6.4
2018/3/10,1.5,11.8,4.4
2018/3/11,0,16.1,5.5
2018/3/12,0,15.9,5.2
2018/3/13,0,17.5,5.3
2018/3/14,0,21.5,7.2
2018/3/15,0,22.1,9
2018/3/16,4,17.5,5.7
2018/3/17,0,12.1,3.1
2018/3/18,0,15.8,5.4
2018/3/19,0.5,18,8.7
2018/3/20,10,11.1,6.5
2018/3/21,31,6.6,1.7
2018/3/22,20,14.5,4.1
2018/3/23,2.5,18.8,7.8
2018/3/24,0,16.8,7.1
2018/3/25,0,19.3,6.6
2018/3/26,0,21.8,8.2
2018/3/27,0,22.1,10.1
2018/3/28,0,22.9,11.1
2018/3/29,0,24.2,12.4
2018/3/30,0,18.4,9.6
2018/3/31,0,18.1,8.3
2018/4/1,0,21.9,9.6
2018/4/2,0,24.5,12.3
2018/4/3,0,23.4,14.3
2018/4/4,0,26.2,14.7
2018/4/5,0,15.3,11.6
2018/4/6,1,22.4,11.6
2018/4/7,0,21.8,10.2
2018/4/8,0,16.8,7.2
2018/4/9,0,19.9,5.5
2018/4/10,0,19.1,8
2018/4/11,0,21.9,12.4
2018/4/12,0,25.9,13.9
2018/4/13,0,20.9,11.9
2018/4/14,0,18.8,11.4
2018/4/15,19,22.1,13.5
2018/4/16,0,20,11.7
2018/4/17,2.5,15,11
2018/4/18,28,16,10.4
2018/4/19,0,22.2,10.2
2018/4/20,0,26.4,12.3
2018/4/21,0,26,12.8
2018/4/22,0,28.3,13.9
2018/4/23,0,18.7,15.1
2018/4/24,1.5,21.3,15.4
2018/4/25,57,22.5,16.6
2018/4/26,0,25,14.8
2018/4/27,0,22,15.1
2018/4/28,0,26.1,15.2
2018/4/29,0,25.6,14
2018/4/30,0,25.7,16.7
2018/5/1,0,28.1,16.7
2018/5/2,3.5,25.3,17.1
2018/5/3,14,27.4,16.8
2018/5/4,0,23.8,13.2
2018/5/5,0,24.3,11.5
2018/5/6,0,26.5,14.4
2018/5/7,21,21.6,13.9
2018/5/8,10.5,14.6,11.4
2018/5/9,35,14.3,10.3
2018/5/10,9,15.8,10
2018/5/11,0,22.4,9
2018/5/12,0,24.6,12.9
2018/5/13,49,21.4,14.6
2018/5/14,0,28.6,15.2
2018/5/15,0,28.4,14.8
2018/5/16,0,29,18.8
2018/5/17,0,28.4,21.4
2018/5/18,0,27.1,20
2018/5/19,0,26.3,15.3
2018/5/20,0,22.1,13.1
2018/5/21,0,27.2,13.7
2018/5/22,0,27.3,15
2018/5/23,9,22,17
2018/5/24,6,25.7,16.1
2018/5/25,0,27.1,18.7
2018/5/26,0,25.2,18
2018/5/27,0,26.9,16.2
2018/5/28,0,26,18.8
2018/5/29,0,27.6,19.3
2018/5/30,8.5,25,17.4
2018/5/31,0,22,16.5
2018/6/1,0,27.5,17.3
2018/6/2,0,27.2,16.9
2018/6/3,0,28.6,17.3
2018/6/4,0,29.1,18.5
2018/6/5,0,28.3,18.2
2018/6/6,12.5,22.8,18.3
2018/6/7,1.5,27.3,18.2
2018/6/8,1,27.5,19.3
2018/6/9,0,32,21.2
2018/6/10,31,22,18.6
2018/6/11,50,19.9,18.1
2018/6/12,0,26.4,17.8
2018/6/13,0,27,18.3
2018/6/14,0,25.2,18.6
2018/6/15,9.5,20,15.4
2018/6/16,3,18.4,14.2
2018/6/17,0,22.5,15.1
2018/6/18,2,21.2,17.7
2018/6/19,0,28.8,18.2
2018/6/20,24.5,21.7,19.4
2018/6/21,2,24.4,19
2018/6/22,0,28.1,19.4
2018/6/23,16,23,17.9
2018/6/24,2.5,27,18.4
2018/6/25,0,32.6,19.7
2018/6/26,0,30.1,22.3
2018/6/27,0,31.7,24.9
2018/6/28,0,31.9,25.2
2018/6/29,0,32.9,25.4
2018/6/30,0,32.7,25.2
2018/7/1,0,32,25.4
2018/7/2,0,33.5,24
2018/7/3,0,32.7,25.6
2018/7/4,0,31.2,25.5
2018/7/5,2,28.7,24.8
2018/7/6,28.5,25,19.1
2018/7/7,0,29.6,19.3
2018/7/8,0,32.2,24.5
2018/7/9,3.5,31.6,24.2
2018/7/10,0,32.8,25.4
2018/7/11,0,34.2,25.2
2018/7/12,3.5,30,23.1
2018/7/13,0,33.8,25.5
2018/7/14,0,35.4,26.2
2018/7/15,0,34.5,26.3
2018/7/16,0,34.4,26.3
2018/7/17,0,34.8,26.9
2018/7/18,0,35.3,26.7
2018/7/19,0,34.8,26.6
2018/7/20,0,34.2,27
2018/7/21,0,34.9,26.9
2018/7/22,0,35.6,26.6
2018/7/23,0,39,28.5
2018/7/24,2.5,35.3,26.3
2018/7/25,0,32.2,25.7
2018/7/26,0,30.7,24.3
2018/7/27,0,28.5,23.5
2018/7/28,52,28,20.1
2018/7/29,15,32.3,25.4
2018/7/30,0,31.9,25
2018/7/31,0,33.8,24.4
2018/8/1,0,35.1,24.8
2018/8/2,0,37.3,26.7
2018/8/3,0,35.4,27.3
2018/8/4,0,34.1,26.1
2018/8/5,0,34.7,27.2
2018/8/6,0,34,25
2018/8/7,4.5,25,20.8
2018/8/8,41,25.1,21.6
2018/8/9,4,32.1,23.8
2018/8/10,0,34.5,27
2018/8/11,0.5,33.6,26
2018/8/12,0,31.1,25.6
2018/8/13,10.5,34.1,24.6
2018/8/14,0,34.1,23.9
2018/8/15,0,33.1,27.2
2018/8/16,0,32.3,25.8
2018/8/17,0,30,21.3
2018/8/18,0,27.2,18.3
2018/8/19,0,28.6,19.4
2018/8/20,0,27.6,20.9
2018/8/21,0,33.6,23.7
2018/8/22,0,34.1,26.9
2018/8/23,0,33.7,26.2
2018/8/24,7.5,31.4,26.3
2018/8/25,0,35.6,27.6
2018/8/26,0,36,26.4
2018/8/27,16,35.8,24.5
2018/8/28,1,30.5,23.5
2018/8/29,0.5,29.2,24.1
2018/8/30,0,34,25
2018/8/31,1,35.4,25.1
2018/9/1,6,31.4,21
2018/9/2,7.5,23.7,20.7
2018/9/3,4,26.1,22
2018/9/4,14.5,28.7,22.8
2018/9/5,8.5,32,22.5
2018/9/6,0,31.5,24.8
2018/9/7,0,30.4,24.9
2018/9/8,0,33,26.3
2018/9/9,0,32.1,26.1
2018/9/10,38.5,30.6,21.4
2018/9/11,4,23.9,19.3
2018/9/12,0,24.4,18.1
2018/9/13,0,27.3,18.5
2018/9/14,7.5,24.9,19.9
2018/9/15,14.5,22.2,19.1
2018/9/16,0,27.4,20.1
2018/9/17,26,31.2,21.1
2018/9/18,40.5,28.1,20.3
2018/9/19,0,27.4,18.2
2018/9/20,40.5,24,15.4
2018/9/21,36,19,15.6
2018/9/22,0,25.8,18.7
2018/9/23,0,28.4,21.8
2018/9/24,1.5,28.6,21.2
2018/9/25,14.5,25.2,18.6
2018/9/26,38.5,19.9,15.7
2018/9/27,19,17.5,14.7
2018/9/28,0,26,14.1
2018/9/29,9.5,21.3,17.2
2018/9/30,34,27,16.9
2018/10/1,18,32.3,20.4
2018/10/2,0,26.9,17.5
2018/10/3,0,23.3,18.1
2018/10/4,0,21.4,18.7
2018/10/5,9.5,20.1,17.8
2018/10/6,0,29.3,18.4
2018/10/7,0,32.3,23.9
2018/10/8,0,24.1,18.7
2018/10/9,0,26.4,17.9
2018/10/10,0.5,26.4,18.7
2018/10/11,1,23.7,19.7
2018/10/12,0,22.5,18.4
2018/10/13,0,18.5,15.6
2018/10/14,7.5,19.6,13.2
2018/10/15,0.5,21.1,16.2
2018/10/16,0,21.2,15.5
2018/10/17,1,22.3,14.9
2018/10/18,0,21.7,13.7
2018/10/19,0.5,20.1,14.3
2018/10/20,9,22,13
2018/10/21,0,21.6,12.8
2018/10/22,0,21.6,11.6
2018/10/23,1.5,16,12.6
2018/10/24,0.5,22.7,13.7
2018/10/25,0,22.4,14
2018/10/26,0,21.6,14.8
2018/10/27,12,24.4,15.9
2018/10/28,0,21.1,13.9
2018/10/29,0,22.2,12.2
2018/10/30,0,22.9,11.8
2018/10/31,0,19.9,11.9
2018/11/1,0,19.5,11.5
2018/11/2,0,18.8,10.1
2018/11/3,0,20.2,10.6
2018/11/4,0,16.4,13
2018/11/5,1.5,21.9,14.5
2018/11/6,35.5,21.1,16.2
2018/11/7,0,20,13.8
2018/11/8,0,20.7,13.1
2018/11/9,7,17.3,14.2
2018/11/10,1.5,22.8,15
2018/11/11,0,20.1,13.5
2018/11/12,0.5,19,12.8
2018/11/13,1.5,16.6,12.6
2018/11/14,0,16.7,10.1
2018/11/15,0,17,8.7
2018/11/16,0,17.2,8.1
2018/11/17,0,19.5,11.1
2018/11/18,0,17.2,10.8
2018/11/19,8.5,16.3,10.8
2018/11/20,1,15.3,8.2
2018/11/21,1.5,16.3,5.8
2018/11/22,4,13.5,7.9
2018/11/23,0,15.3,6.6
2018/11/24,0,12.1,7.5
2018/11/25,0,14.5,6.5
2018/11/26,0,17.7,7.1
2018/11/27,0,17.9,11.5
2018/11/28,0,18.1,8.9
2018/11/29,0.5,15.3,10.8
2018/11/30,0,16,8.1
2018/12/1,0,17.2,7.7
2018/12/2,0,11.6,7.7
2018/12/3,0,17,9.7
2018/12/4,0,23.4,12.3
2018/12/5,0,20.2,13.1
2018/12/6,18,13.2,8.3
2018/12/7,0,16.4,9
2018/12/8,0,12.2,6.3
2018/12/9,0,10.5,5.5
2018/12/10,0,8.4,4.1
2018/12/11,7,7.3,1.4
2018/12/12,15,10.8,3.2
2018/12/13,0.5,9.6,4.2
2018/12/14,0,10.3,2.5
2018/12/15,0,9.5,2.6
2018/12/16,0,5.8,0.4
2018/12/17,2.5,11.5,3
2018/12/18,0,12.8,5.1
2018/12/19,0,12.7,3.7
2018/12/20,0,14.1,4.2
2018/12/21,0,13.7,3.9
2018/12/22,0.5,11,6.5
2018/12/23,0.5,12.6,7.5
2018/12/24,0,11.3,4.3
2018/12/25,0,9.4,2.6
2018/12/26,0,11.7,1.2
2018/12/27,0,13.2,4.9
2018/12/28,0,8.4,1.8
2018/12/29,0,9.8,-0.7
2018/12/30,0,10.1,0.1
2018/12/31,0,8.9,0.8
2019/1/1,0,10.7,0.9
2019/1/2,0,10.9,2.2
2019/1/3,0,10.9,-0.3
2019/1/4,0,9.8,0.2
2019/1/5,0,14,0.9
2019/1/6,0,8,2.4
2019/1/7,0,10.6,0.4
2019/1/8,0,9.8,0.7
2019/1/9,0,8,1
2019/1/10,0,5.2,-1.2
2019/1/11,0,12.2,-0.2
2019/1/12,0,6.2,2.7
2019/1/13,0,10.1,3.9
2019/1/14,0,9.8,1.3
2019/1/15,0.5,10.5,0.4
2019/1/16,0,11.3,1.8
2019/1/17,0,11.6,2
2019/1/18,0,10,2.8
2019/1/19,0,11.7,1.9
2019/1/20,0,12,1.8
2019/1/21,0,10.5,2.5
2019/1/22,0,10.6,-0.2
2019/1/23,0,11.2,1.7
2019/1/24,0,10.2,3.4
2019/1/25,0,10,2.8
2019/1/26,0,9.9,1.5
2019/1/27,0,9.7,1.1
2019/1/28,0,13.2,0
2019/1/29,0,9.9,3
2019/1/30,0,10,0.2
2019/1/31,15.5,11.2,1.7
2019/2/1,0,8.3,1.3
2019/2/2,0,12.6,-0.9
2019/2/3,0,13.4,3
2019/2/4,0,19.4,6.7
2019/2/5,0,8.8,5.3
2019/2/6,15,7.7,3.9
2019/2/7,0,16.5,3.9
2019/2/8,0,10.6,3.3
2019/2/9,2,3.5,-0.5
2019/2/10,0,7.9,-1.2
2019/2/11,0,4.6,0.4
2019/2/12,0,11.1,0.9
2019/2/13,0,8.6,3.3
2019/2/14,0,8.5,1.8
2019/2/15,0,5.3,0
2019/2/16,0,13.9,2
2019/2/17,0,11.8,3.4
2019/2/18,0,14.6,2
2019/2/19,1.5,12.8,6.1
2019/2/20,0.5,19.5,5.4
2019/2/21,0,14.8,7.3
2019/2/22,0,13.7,4.1
2019/2/23,0,14.7,5.6
2019/2/24,0,13.6,2.3
2019/2/25,0,17.1,6.6
2019/2/26,0,12.5,7.8
2019/2/27,0.5,10.6,4
2019/2/28,22.5,7.6,5.1
2019/3/1,1.5,13.1,6.5
2019/3/2,0,14.7,6.4
2019/3/3,13.5,10.4,4.4
2019/3/4,27.5,9.5,5.4
2019/3/5,0.5,15.8,4.3
2019/3/6,3,14.2,8
2019/3/7,28,10.3,4.3
2019/3/8,0,12.5,3.9
2019/3/9,0,16.9,2.3
2019/3/10,6.5,16.4,6.9
2019/3/11,32,17.8,9.4
2019/3/12,0,17.1,8.3
2019/3/13,0,19.1,5.6
2019/3/14,0,14.3,3.3
2019/3/15,0,15,4.1
2019/3/16,0,13.9,6.4
2019/3/17,0,15.3,3.5
2019/3/18,0,14.5,4.1
2019/3/19,0,19.2,6.3
2019/3/20,0,21.5,8.5
2019/3/21,0,22.3,13.9
2019/3/22,0,23.9,8.7
2019/3/23,0,9,4.4
2019/3/24,0,15.4,1.1
2019/3/25,0,15,3.9
2019/3/26,0,15.9,9.7
2019/3/27,0,19.7,7.3
2019/3/28,0,16.9,9
2019/3/29,0,9.3,6.8
2019/3/30,3.5,11.7,7.2
2019/3/31,1.5,16.3,7.3
2019/4/1,5.5,16.2,4.2
2019/4/2,0,13.1,2.3
2019/4/3,0,14.1,2.7
2019/4/4,0,16.7,3.4
2019/4/5,0,22.5,6.7
2019/4/6,0,21.6,11
2019/4/7,0,21.6,10.4
2019/4/8,11,14.8,5.9
2019/4/9,0,16.9,4.3
2019/4/10,29.5,10.2,3.6
2019/4/11,1.5,16.7,4.4
2019/4/12,0,12.6,7.5
2019/4/13,0,18.2,5.5
2019/4/14,0,18.3,9.7
2019/4/15,5,22.7,11.6
2019/4/16,0,21,10.1
2019/4/17,0,19.5,11
2019/4/18,0,23.5,13.4
2019/4/19,0,23.6,14.3
2019/4/20,0,19.1,9.8
2019/4/21,0,23.1,12.2
2019/4/22,0,25.6,14.4
2019/4/23,0,23.3,15.3
2019/4/24,3,20.6,17.5
2019/4/25,4,24.3,18.1
2019/4/26,4.5,20,9.5
2019/4/27,6.5,13.2,8
2019/4/28,0,18.7,6
2019/4/29,0,19.8,10.5
2019/4/30,20,17.4,12.8
2019/5/1,26,23.4,14.3
2019/5/2,3.5,23.9,13.8
2019/5/3,0,25,11
2019/5/4,0,24.8,14.1
2019/5/5,0,25.2,12.5
2019/5/6,0,22.1,15.1
2019/5/7,0,20.9,10.8
2019/5/8,0,22.7,7.9
2019/5/9,0,22.7,14.3
2019/5/10,0,27.1,13.9
2019/5/11,0,27.8,15.3
2019/5/12,0,22.2,14.5
2019/5/13,0,22.6,13.3
2019/5/14,0.5,19.3,16.1
2019/5/15,0,23.8,15.7
2019/5/16,0,24.6,16
2019/5/17,0,25.9,15.3
2019/5/18,0,25.6,15.6
2019/5/19,0,25.2,17.5
2019/5/20,0,25,16.5
2019/5/21,82,21.9,16.3
2019/5/22,0,25.2,14.1
2019/5/23,0,27,15.2
2019/5/24,0,31,16.4
2019/5/25,0,31.9,17
2019/5/26,0,32.6,18.6
2019/5/27,0,32.4,19.9
2019/5/28,1,28.1,19.1
2019/5/29,7.5,25.1,16.8
2019/5/30,0,26,16.6
2019/5/31,0,24.2,19.5
2019/6/1,0,25.7,18.6
2019/6/2,0,25,19
2019/6/3,0,27,18.7
2019/6/4,0,27.7,17.6
2019/6/5,0,25.8,20
2019/6/6,0,32.3,18.7
2019/6/7,19.5,23.4,19
2019/6/8,0,25.4,18.7
2019/6/9,10,20.7,15.9
2019/6/10,92.5,17.4,14.9
2019/6/11,1,23.6,15
2019/6/12,0.5,21.5,14.5
2019/6/13,0,26.4,13.9
2019/6/14,0,26.8,17.7
2019/6/15,51,20.9,16.2
2019/6/16,5,30.7,16.9
2019/6/17,0,28.7,17.4
2019/6/18,0,27.7,20
2019/6/19,0,28.6,18.8
2019/6/20,0,29.1,21.1
2019/6/21,0,29.5,22.3
2019/6/22,6,25.3,20.6
2019/6/23,0,24,19.6
2019/6/24,25.5,21,17.8
2019/6/25,0,27.3,17.2
2019/6/26,0,28.9,20.4
2019/6/27,2,28.7,22.8
2019/6/28,3.5,30.7,21.4
2019/6/29,3,21.5,19
2019/6/30,5.5,23.6,20.3
2019/7/1,1.5,24.3,21
2019/7/2,0.5,28.1,21.5
2019/7/3,1,29.1,22.2
2019/7/4,10.5,25.2,19.9
2019/7/5,4.5,24.5,19
2019/7/6,14.5,23.7,19.2
2019/7/7,22.5,20.8,17.9
2019/7/8,0,24.8,17.7
2019/7/9,0,21.8,18.5
2019/7/10,0,24.8,18.5
2019/7/11,2,23.6,17.9
2019/7/12,12.5,21.9,18.2
2019/7/13,0.5,27.3,20
2019/7/14,39,22.5,20.2
2019/7/15,7,25,19.4
2019/7/16,33.5,22.1,19
2019/7/17,0.5,28.7,20.3
2019/7/18,9.5,29.7,22.2
2019/7/19,3.5,31.4,23
2019/7/20,0,29.5,24.4
2019/7/21,0,28.2,22.7
2019/7/22,0.5,24,21.6
2019/7/23,4,29.3,22.4
2019/7/24,6,31.6,23.7
2019/7/25,0,32.4,24.4
2019/7/26,0.5,33.1,25.6
2019/7/27,4,31.4,25.1
2019/7/28,15,32.3,25
2019/7/29,0,33.7,25.3
2019/7/30,0,33.6,26
2019/7/31,0,34.6,26.5
2019/8/1,0,35,26.3
2019/8/2,0,35.1,27.1
2019/8/3,0,33.7,25.7
2019/8/4,0,34.3,25.3
2019/8/5,0,34.9,25.1
2019/8/6,0,35,27.5
2019/8/7,0,35.6,26.7
2019/8/8,0,35.5,26
2019/8/9,0,35.6,26.2
2019/8/10,0,34.4,25.7
2019/8/11,0,35.6,25.3
2019/8/12,0.5,33.2,25.6
2019/8/13,0,35.5,26.9
2019/8/14,8.5,32.4,27.1
2019/8/15,20,32.6,25.9
2019/8/16,0,31.6,28
2019/8/17,0,35.5,27.3
2019/8/18,0,35.2,26.5
2019/8/19,0.5,32.2,25.7
2019/8/20,13,31.1,24.1
2019/8/21,3,31.4,23.6
2019/8/22,20,29.5,23.2
2019/8/23,4.5,28.5,24
2019/8/24,0,31.4,24
2019/8/25,15,31.1,20.7
2019/8/26,0,28.5,22.9
2019/8/27,6,29.4,22.8
2019/8/28,7,28.1,23.2
2019/8/29,0,34.6,24.7
2019/8/30,12,28,24.2
2019/8/31,0,31.7,24.3
2019/9/1,0,32.1,25
2019/9/2,0,31.8,24.1
2019/9/3,1.5,28.5,22.6
2019/9/4,0,26.5,22.5
2019/9/5,0,29.6,23
2019/9/6,0,32.9,23.1
2019/9/7,0,33.5,24.8
2019/9/8,8.5,33.3,25.3
2019/9/9,119,36.2,24.5
2019/9/10,0.5,35.6,25.4
2019/9/11,7.5,32.3,24.3
2019/9/12,0,28.7,22.7
2019/9/13,0,23.6,20.3
2019/9/14,0,25.1,19.5
2019/9/15,0.5,31.1,20.3
2019/9/16,28.5,25.3,21.4
2019/9/17,0,31.1,22.3
2019/9/18,9.5,24.8,18.4
2019/9/19,0,27.7,17.1
2019/9/20,0,27.3,19.7
2019/9/21,0,24.1,19.9
2019/9/22,17,28.5,18.4
2019/9/23,3.5,30.7,20.4
2019/9/24,1,30.9,22.6
2019/9/25,0,28.9,20.8
2019/9/26,0,27.4,19.6
2019/9/27,0,28.1,18.2
2019/9/28,0,29.6,20
2019/9/29,0,27.7,22.4
2019/9/30,0,29.7,21.4
2019/10/1,0,30.1,20.9
2019/10/2,0,29.6,20.4
2019/10/3,0,28.3,20.6
2019/10/4,10,29.4,21.5
2019/10/5,0,30.3,21.5
2019/10/6,5.5,23.3,18.7
2019/10/7,7,25,17.3
2019/10/8,5.5,27.1,18.2
2019/10/9,0,25.1,17
2019/10/10,9,25.2,15
2019/10/11,7.5,21.7,16.3
2019/10/12,209.5,25.2,20.7
2019/10/13,0,28.5,19.4
2019/10/14,5,20.2,15.4
2019/10/15,0,23,16.2
2019/10/16,0,18.5,14.6
2019/10/17,4.5,18.4,15.1
2019/10/18,5.5,19.5,14.9
2019/10/19,53.5,20.2,14.6
2019/10/20,0,23.9,17.7
2019/10/21,6.5,21.3,14.9
2019/10/22,65,17.2,14.2
2019/10/23,0,24.8,12.4
2019/10/24,3,21,14.6
2019/10/25,120.5,16.3,14.5
2019/10/26,0.5,24.5,13.3
2019/10/27,0,22.5,15.8
2019/10/28,0,21.4,15
2019/10/29,11.5,16.3,12.6
2019/10/30,0,22.7,12.1
2019/10/31,0,22,14
2019/11/1,0,23.9,12.2
2019/11/2,0,19.9,10.9
2019/11/3,10.5,18.9,12.7
2019/11/4,1,20.2,11
2019/11/5,0,19.2,9
2019/11/6,0,21.2,8.8
2019/11/7,0,22.6,9.8
2019/11/8,0,19.2,11.9
2019/11/9,0,17.4,11.3
2019/11/10,0,18.6,9.2
2019/11/11,6.5,17.9,10.8
2019/11/12,0,21.8,9.2
2019/11/13,0.5,16.1,11.3
2019/11/14,0,22.3,11.6
2019/11/15,0,17.1,9.7
2019/11/16,0,18.9,7.8
2019/11/17,0,19.7,8.2
2019/11/18,0,21.4,9.4
2019/11/19,3,20.7,11.7
2019/11/20,0,15.9,9.6
2019/11/21,0,15.7,8.5
2019/11/22,47,10.8,6.3
2019/11/23,60.5,13,9.2
2019/11/24,19,19.1,12.9
2019/11/25,1,21.9,12.1
2019/11/26,1.5,12.5,7.3
2019/11/27,2.5,10.7,7.8
2019/11/28,3.5,11.8,4.6
2019/11/29,0,9.7,1.6
2019/11/30,0,12,3.1
2019/12/1,0,11.5,4.7
2019/12/2,36,16.4,6.2
2019/12/3,0,17,9.1
2019/12/4,0,15.3,5.7
2019/12/5,0,14.5,5.6
2019/12/6,0,10.4,6
2019/12/7,1.5,7.1,4.4
2019/12/8,0,13.2,2.2
2019/12/9,1,9.5,3.5
2019/12/10,5.5,14.3,6.6
2019/12/11,0.5,15.3,8.3
2019/12/12,0,18.9,7.8
2019/12/13,0,9.4,6.5
2019/12/14,0,16,2.9
2019/12/15,0,12.5,5.5
2019/12/16,0,12.3,2.9
2019/12/17,1,9.7,6
2019/12/18,0,15.4,6.5
2019/12/19,0,11.1,8
2019/12/20,0,16.1,6
2019/12/21,0,9.5,6.5
2019/12/22,16.5,9,5.1
2019/12/23,13.5,12,3.5
2019/12/24,0,12.6,5
2019/12/25,0,8.9,4.2
2019/12/26,0,11.5,3.8
2019/12/27,0.5,13.7,4.5
2019/12/28,0,10.9,3.8
2019/12/29,0,10.9,2.2
2019/12/30,0.5,8.8,5.1
2019/12/31,0,16.5,3.7
2020/1/1,0,10.2,3.2
2020/1/2,0,11.3,1.9
2020/1/3,0,12,1.4
2020/1/4,0,12.2,3.6
2020/1/5,1,10.2,0.6
2020/1/6,0,12.2,3.1
2020/1/7,2,8.2,3.9
2020/1/8,11.5,7.6,3.8
2020/1/9,0,14.9,4.6
2020/1/10,0,12.6,5.5
2020/1/11,0,10.5,5.2
2020/1/12,0,10.2,2.5
2020/1/13,0,13.7,4.6
2020/1/14,0,13.5,4.7
2020/1/15,15,9.4,4.9
2020/1/16,0,10.9,3.9
2020/1/17,0,11.1,3.9
2020/1/18,8.5,7.2,1.5
2020/1/19,0,11.1,1.9
2020/1/20,0,14.1,2
2020/1/21,0,11.8,3.9
2020/1/22,0,7.3,2
2020/1/23,2.5,8.7,4.1
2020/1/24,0,13.4,7.4
2020/1/25,0,10.2,5.9
2020/1/26,6,7.6,2.7
2020/1/27,5,6.5,2.9
2020/1/28,55.5,7,0.6
2020/1/29,28,18.6,6.9
2020/1/30,0,17.5,6.8
2020/1/31,0,12.1,3.5
2020/2/1,0,13.4,3
2020/2/2,0,13.8,5
2020/2/3,0,15.2,5.3
2020/2/4,0,11.4,4.8
2020/2/5,0,15.2,2.4
2020/2/6,0,6.9,-0.4
2020/2/7,0,6.9,-2.1
2020/2/8,0,12.7,0.7
2020/2/9,0,8.3,1.2
2020/2/10,0,10.1,-0.2
2020/2/11,0,11.7,1.1
2020/2/12,0,16,1.9
2020/2/13,0,18.2,7.8
2020/2/14,0,16,8.5
2020/2/15,0,16.2,7.6
2020/2/16,8.5,11.8,7.8
2020/2/17,0,16.8,5.8
2020/2/18,0,12.5,2.8
2020/2/19,0,13.3,3.6
2020/2/20,0,13.1,4.7
2020/2/21,0,14.2,5.4
2020/2/22,2.5,18.2,6.4
2020/2/23,0,16,5.4
2020/2/24,0,15.4,4.6
2020/2/25,0,14.4,6.2
2020/2/26,3,9.4,7
2020/2/27,0,11.9,3.6
2020/2/28,0,12.4,1.9
2020/2/29,1,14.4,5.4
2020/3/1,0.5,17.9,6.6
2020/3/2,10,11.2,5.8
2020/3/3,0,17.8,5.3
2020/3/4,1.5,10.9,7.9
2020/3/5,1,13.7,6.1
2020/3/6,0,15.1,5.4
2020/3/7,1.5,10.4,5.2
2020/3/8,6,8.9,5.6
2020/3/9,0,19.6,7.6
2020/3/10,24.5,18.2,12.6
2020/3/11,0,21.4,9.8
2020/3/12,0,16.7,7
2020/3/13,0,18.7,6.8
2020/3/14,25,12.3,1.3
2020/3/15,0,12,1.8
2020/3/16,0,14.4,3.6
2020/3/17,0,12.7,2.3
2020/3/18,0,18.4,4.8
2020/3/19,1,22,6.5
2020/3/20,0,19.4,9.5
2020/3/21,0,21,7.6
2020/3/22,0,23.7,10.5
2020/3/23,0,14,7.7
2020/3/24,0,12.6,4.7
2020/3/25,0,16,3.4
2020/3/26,0,20,7.5
2020/3/27,0,22.8,9.1
2020/3/28,8.5,24.6,7.4
2020/3/29,51.5,7.7,0.7
2020/3/30,0,10.3,3.5
2020/3/31,0,12.5,8.2
2020/4/1,31,12.9,9.3
2020/4/2,0,19.4,9
2020/4/3,0,18.2,6.4
2020/4/4,0,22.3,8.6
2020/4/5,0,15.9,5.6
2020/4/6,0,18.4,6.3
2020/4/7,0,18,7.9
2020/4/8,0,20.2,7.9
2020/4/9,0.5,20.2,8
2020/4/10,0,17.2,7.4
2020/4/11,0.5,17,6.8
2020/4/12,6.5,14.6,7.4
2020/4/13,132,10.1,5.4
2020/4/14,1.5,17.2,5.5
2020/4/15,0,20.8,5.5
2020/4/16,0.5,16.3,8.6
2020/4/17,0.5,17.8,8.3
2020/4/18,89.5,16.2,9.8
2020/4/19,0,22.5,9
2020/4/20,15,10.7,8.3
2020/4/21,0,18.9,9
2020/4/22,0,19.2,8.8
2020/4/23,1,17,6.6
2020/4/24,0.5,18.4,6.9
2020/4/25,0,18.8,5.3
2020/4/26,0,24.2,11.5
2020/4/27,12.5,17.8,8.5
2020/4/28,5,19.1,8
2020/4/29,0,21.7,8.9
2020/4/30,0,23.9,11.7
2020/5/1,0,25.5,16.2
2020/5/2,0,26.9,15.3
2020/5/3,0,25.8,16.5
2020/5/4,2,22.2,17.3
2020/5/5,0,28.4,16.4
2020/5/6,19,17.3,14.6
2020/5/7,0.5,22.5,11
2020/5/8,0,22.1,11.1
2020/5/9,0,23,13.9
2020/5/10,1,25.7,17.7
2020/5/11,0.5,28.1,20.2
2020/5/12,0,26.5,19.1
2020/5/13,0,28.7,16.8
2020/5/14,0,26.2,13.8
2020/5/15,0,26.5,15.2
2020/5/16,24,21.7,16.4
2020/5/17,0,28.2,15.8
2020/5/18,2,20.1,18.7
2020/5/19,54.5,19.2,13.4
2020/5/20,3,15.4,10.9
2020/5/21,0.5,14.8,10.7
2020/5/22,1,18.1,12.8
2020/5/23,0,23.7,15.3
2020/5/24,0,26.5,15.8
2020/5/25,0,26.5,18.1
2020/5/26,0.5,24.3,18.6
2020/5/27,0,26.6,18.4
2020/5/28,9.5,25.2,12.9
2020/5/29,0,27.4,14.1
2020/5/30,0,27.9,17.4
2020/5/31,0,24.5,18.8
2020/6/1,4,21.2,18.5
2020/6/2,0,26.6,18.9
2020/6/3,0,28.5,20.9
2020/6/4,0,27.6,20.6
2020/6/5,0,29.9,20
2020/6/6,6.5,28.4,18.8
2020/6/7,0.5,27.2,17.4
2020/6/8,0,28.3,19.7
2020/6/9,0,31,20.4
2020/6/10,0,31.4,21.8
2020/6/11,10,30.5,22.7
2020/6/12,5.5,31.6,22.9
2020/6/13,35.5,24.3,19.1
2020/6/14,5.5,24,19.9
2020/6/15,0,32.6,21
2020/6/16,0,30.5,21.8
2020/6/17,0,28.8,19.3
2020/6/18,2,25.5,19.6
2020/6/19,50,19.8,18
2020/6/20,0,28.7,17.1
2020/6/21,2.5,26.5,17.9
2020/6/22,27.5,21,17.6
2020/6/23,3,27.2,18
2020/6/24,0,26.8,19.3
2020/6/25,14.5,23.3,17.9
2020/6/26,0,30.9,19.7
2020/6/27,0,29.3,22.2
2020/6/28,30,24.9,20.5
2020/6/29,0,29.8,20.1
2020/6/30,15.5,27.7,22.2
2020/7/1,21,26.7,22.7
2020/7/2,0.5,30.8,21.7
2020/7/3,6,28.7,20.3
2020/7/4,25.5,27.7,20
2020/7/5,3.5,28.1,23.2
2020/7/6,40.5,26.9,22.8
2020/7/7,0.5,29.3,25.1
2020/7/8,3,28.5,23.6
2020/7/9,14,26.1,22.3
2020/7/10,0.5,28.1,22.7
2020/7/11,2,31.2,24.8
2020/7/12,0.5,32.5,19.9
2020/7/13,6,25.2,18.7
2020/7/14,6,23.7,20.6
2020/7/15,6.5,22,17.7
2020/7/16,0.5,24.6,17.4
2020/7/17,34.5,20.6,18.1
2020/7/18,20,22,19.2
2020/7/19,0,29.3,21.4
2020/7/20,0,31.9,23.1
2020/7/21,1,29,22.5
2020/7/22,0,29.9,24.9
2020/7/23,31.5,26,22.1
2020/7/24,0,27.2,21.6
2020/7/25,23.5,27.4,23.7
2020/7/26,18.5,31.2,23.5
2020/7/27,2,30.7,23.9
2020/7/28,2,31,23.9
2020/7/29,0,25.6,21.3
2020/7/30,0,26.5,20.4
2020/7/31,1,29.6,22.4
2020/8/1,0.5,31.8,21.8
2020/8/2,0,31.5,22.6
2020/8/3,0,32.3,22.3
2020/8/4,0,33.1,24.5
2020/8/5,0,34.2,25.7
2020/8/6,0,33.1,25.5
2020/8/7,0,35.4,26
2020/8/8,0,32.3,25.1
2020/8/9,0,34.7,23.4
2020/8/10,0,35.2,26.9
2020/8/11,0,37.3,27
2020/8/12,0.5,35.8,27.3
2020/8/13,21.5,36.1,25.4
2020/8/14,0,34.2,24.9
2020/8/15,0,36.1,26.9
2020/8/16,0,35.4,28
2020/8/17,0,36.5,27.2
2020/8/18,0,34.3,27.8
2020/8/19,0,34.2,25.6
2020/8/20,0,34.8,25.8
2020/8/21,0,36,26
2020/8/22,0,35.2,24
2020/8/23,38,29.4,23.2
2020/8/24,0,32.3,23
2020/8/25,0,32.2,24.8
2020/8/26,0,34,24.3
2020/8/27,0,33.6,26.3
2020/8/28,0,34.5,27
2020/8/29,0,35,26.9
2020/8/30,0,34.9,26.6
2020/8/31,1,32.6,22.7
2020/9/1,1,27.4,21.9
2020/9/2,7.5,32.1,24
2020/9/3,3.5,32.7,26.4
2020/9/4,0,35.1,25.1
2020/9/5,8.5,34.2,25.3
2020/9/6,25.5,29.5,22.5
2020/9/7,19,31.2,24.2
2020/9/8,0,34.2,26.9
2020/9/9,0.5,33.6,25.2
2020/9/10,0,31.7,25.2
2020/9/11,0,32.5,24.9
2020/9/12,14.5,27.7,22
2020/9/13,0.5,27.8,20
2020/9/14,0.5,27.2,20.9
2020/9/15,0.5,27.7,20.9
2020/9/16,2,28.1,21.2
2020/9/17,0,28.4,22.1
2020/9/18,0,33.4,26.4
2020/9/19,0,27.1,22.6
2020/9/20,0.5,23.7,20.8
2020/9/21,0.5,26.1,19.7
2020/9/22,3.5,27.7,19.1
2020/9/23,7.5,22.7,18.6
2020/9/24,10,22.2,17.9
2020/9/25,5.5,20.8,17.8
2020/9/26,6,20,17.8
2020/9/27,0.5,23.5,17.6
2020/9/28,0,27.4,16
2020/9/29,0,23.1,16.7
2020/9/30,0,25.4,14.7
2020/10/1,1,24.3,17.1
2020/10/2,0,26.7,16.2
2020/10/3,0,26.3,18.4
2020/10/4,0,26.2,19.5
2020/10/5,0,24.8,20.1
2020/10/6,0,24.8,17.9
2020/10/7,6,23.9,14.6
2020/10/8,44,15.5,13.8
2020/10/9,38,15.4,13.8
2020/10/10,73.5,17.1,13.8
2020/10/11,0.5,23.3,17
2020/10/12,0,25.1,18.6
2020/10/13,0,26.7,19
2020/10/14,0,23.2,18.4
2020/10/15,1,19.7,14.7
2020/10/16,0,19.5,13.9
2020/10/17,23,16,11.5
2020/10/18,0.5,19.8,11.3
2020/10/19,9,17.1,11.2
2020/10/20,0,21,10.5
2020/10/21,0,21.6,11.9
2020/10/22,0,22.1,14.2
2020/10/23,8.5,17.9,14.3
2020/10/24,0,21.2,12.7
2020/10/25,0,21.3,11.4
2020/10/26,0,22.9,10.7
2020/10/27,0,20.8,13.3
2020/10/28,0,20.2,13.1
2020/10/29,0,22.8,13
2020/10/30,0,18.5,11.1
2020/10/31,0,19.2,9.2
2020/11/1,0,19.9,9
2020/11/2,2.5,23.6,11.6
2020/11/3,4.5,17.1,12.8
2020/11/4,0,18.6,9.8
2020/11/5,0,19.4,9.1
2020/11/6,0,16.2,10.6
2020/11/7,0,20.6,11.5
2020/11/8,2.5,22.4,13.5
2020/11/9,0,18.3,10.5
2020/11/10,0,16.9,8.6
2020/11/11,0,16.9,8.3
2020/11/12,0,13.1,6.2
2020/11/13,0,19,9.7
2020/11/14,0,20.3,10.4
2020/11/15,0,18.6,7.5
2020/11/16,0,21.4,9.1
2020/11/17,0,20.7,10.8
2020/11/18,0,21.4,10.3
2020/11/19,0,24.9,13.2
2020/11/20,0,23.9,18.5
2020/11/21,0,20.2,11.1
2020/11/22,0,19.3,8.5
2020/11/23,0,20.9,11.4
2020/11/24,0,13.3,10.1
2020/11/25,5,12.1,9.2
2020/11/26,0,18.6,9.2
2020/11/27,0,13.2,10.2
2020/11/28,0,17.3,8.8
2020/11/29,0,13.7,7.5
2020/11/30,0,14.9,5.2
2020/12/1,0,14.9,5.6
2020/12/2,8,10.2,7
2020/12/3,0,10.6,6.7
2020/12/4,0,13.9,5.5
2020/12/5,3.5,7.7,4.4
2020/12/6,0,13.5,4.4
2020/12/7,0,16.1,4.7
2020/12/8,0,17.2,5.8
2020/12/9,0,12.2,7.9
2020/12/10,0,12.2,6.9
2020/12/11,0,14.4,5.3
2020/12/12,0,15,8.3
2020/12/13,0,15.4,5.9
2020/12/14,0,13.1,5.5
2020/12/15,0,11.3,2
2020/12/16,0,9.6,0.5
2020/12/17,0,9.4,-0.1
2020/12/18,0,11.6,0.5
2020/12/19,0,9.4,1.6
2020/12/20,0,9.4,-0.6
2020/12/21,0,11.2,0.1
2020/12/22,0,11.7,0.5
2020/12/23,0,14.1,1.2
2020/12/24,0,12.9,2.6
2020/12/25,0,14,4.7
2020/12/26,0,11.8,1.5
2020/12/27,0,12.7,3.4
2020/12/28,0,13.5,6.2
2020/12/29,0,13.1,4.3
2020/12/30,1.5,12.3,2.7
2020/12/31,0,7.6,-0.2
2021/1/1,0,10.5,-1.3
2021/1/2,0,10.8,0.1
2021/1/3,0,8.4,-0.4
2021/1/4,0,11.4,1.3
2021/1/5,0,10,2.5
2021/1/6,0,6.8,3.9
2021/1/7,0,12.7,2
2021/1/8,0,6.5,-1.5
2021/1/9,0,8.4,-1.5
2021/1/10,0,8.1,-2.4
2021/1/11,0,6.5,-1.3
2021/1/12,0,5.7,1.2
2021/1/13,0,12.5,-0.5
2021/1/14,0,14.5,0.9
2021/1/15,0,7.6,4.9
2021/1/16,0,18.7,4.3
2021/1/17,0,8,4.1
2021/1/18,0,8.6,1
2021/1/19,0,9.5,1
2021/1/20,0,9.5,0.2
2021/1/21,0,10.7,-0.3
2021/1/22,0,16,1.2
2021/1/23,19,10.2,2.7
2021/1/24,13,6.5,2.3
2021/1/25,1.5,13.2,3.8
2021/1/26,0,11.2,2.7
2021/1/27,1,16.2,6.4
2021/1/28,9,7.9,0.9
2021/1/29,0,10.8,0.7
2021/1/30,0,9.3,0.9
2021/1/31,0,11.9,-0.4
2021/2/1,0,14,1.8
2021/2/2,12,15.6,4.3
2021/2/3,0,11.8,1
2021/2/4,0,12.6,0.6
2021/2/5,0,12.4,1.9
2021/2/6,0,15,4.2
2021/2/7,0,16.3,4.4
2021/2/8,0,11,2.8
2021/2/9,0,9.6,0.8
2021/2/10,0,12.1,1.7
2021/2/11,0,14.1,3.3
2021/2/12,0,11.7,3.4
2021/2/13,0,16.2,4.9
2021/2/14,0,18.2,6.8
2021/2/15,76.5,14.1,8.3
2021/2/16,0,16.4,5.1
2021/2/17,0,13.1,2.2
2021/2/18,0,10.4,-0.5
2021/2/19,0,12.3,1.4
2021/2/20,0,18.1,1.4
2021/2/21,0,20.9,7.3
2021/2/22,0,21.9,7.7
2021/2/23,0,15.5,5.5
2021/2/24,0,11.9,3.2
2021/2/25,0,11.3,1.5
2021/2/26,0,11.8,5.6
2021/2/27,0,9.6,2.1
2021/2/28,0,12.9,0.3
2021/3/1,0.5,19.1,4.6
2021/3/2,9.5,19.8,7.9
2021/3/3,0,11.8,3.8
2021/3/4,0,15,2.3
2021/3/5,2,17.4,8.4
2021/3/6,0.5,21,9.6
2021/3/7,0,10.3,5.8
2021/3/8,5.5,7.7,5.1
2021/3/9,0,13.7,5.7
2021/3/10,0,19.4,6.8
2021/3/11,0,15.4,4.2
2021/3/12,0,18,7.5
2021/3/13,65,13.9,8.1
2021/3/14,0,18.2,8.1
2021/3/15,0,19.5,8.3
2021/3/16,0,22,7.6
2021/3/17,0,20.1,9
2021/3/18,0,17.7,6.6
2021/3/19,0,18.9,9.5
2021/3/20,0,18.6,10.8
2021/3/21,46.5,19.7,12.6
2021/3/22,0.5,15.6,7.5
2021/3/23,0,15.8,5.3
2021/3/24,0,20.5,6.7
2021/3/25,0.5,18.4,11.7
2021/3/26,0,21.2,10.2
2021/3/27,0,18.3,8
2021/3/28,8,18.6,14.3
2021/3/29,34.5,23.4,13.3
2021/3/30,0,23.3,14
2021/3/31,0,23.4,15
2021/4/1,0,21.7,13.6
2021/4/2,0,19.9,13.4
2021/4/3,0,22.3,11.8
2021/4/4,10.5,23.3,15.7
2021/4/5,18,17.2,8.5
2021/4/6,0,15.7,6.4
2021/4/7,0,19.6,7.9
2021/4/8,2.5,18.1,9.6
2021/4/9,0,18.3,7.2
2021/4/10,0,16.3,6.8
2021/4/11,0,18.6,6.5
2021/4/12,0,20.8,9.1
2021/4/13,0.5,20.1,12.1
2021/4/14,36,19.2,7.6
2021/4/15,0,16.5,6
2021/4/16,0,19.1,8.2
2021/4/17,33.5,18.7,14
2021/4/18,15,22,12.1
2021/4/19,0,21.9,11
2021/4/20,0,24.5,10.6
2021/4/21,0,25.2,13.8
2021/4/22,0,26.2,11.3
2021/4/23,0,20.4,9
2021/4/24,0,21.6,8.9
2021/4/25,0,23.2,12.3
2021/4/26,0,19.4,8.9
2021/4/27,0,20.4,8.2
2021/4/28,0,23.8,10.7
2021/4/29,37,18.8,16
2021/4/30,3,24.2,12.7
2021/5/1,8,24.1,12.5
2021/5/2,2,23.5,12.5
2021/5/3,0,22.8,11.4
2021/5/4,0,24.5,10.9
2021/5/5,3,22.1,14
2021/5/6,3.5,24.4,15.6
2021/5/7,1,20.5,15.3
2021/5/8,0,24.9,12.9
2021/5/9,0,28.5,17.6
2021/5/10,0,25.1,16.1
2021/5/11,0,19.9,15
2021/5/12,0,21.2,15.3
2021/5/13,12,18.2,14.4
2021/5/14,0,26.9,15.9
2021/5/15,0,26.4,17.1
2021/5/16,1,22.4,18.3
2021/5/17,0.5,25,19.8
2021/5/18,1,22.8,16.6
2021/5/19,9.5,18.4,16.1
2021/5/20,2,22.3,16.2
2021/5/21,5,25.2,16.8
2021/5/22,2,23.4,17.5
2021/5/23,5.5,25.4,15
2021/5/24,0,28,16.4
2021/5/25,0,28.9,17
2021/5/26,0,26,16.9
2021/5/27,35.5,20.3,15.5
2021/5/28,0,26.1,15
2021/5/29,0,28.3,18.3
2021/5/30,0.5,26.8,17.8
2021/5/31,7.5,25.2,16.4
2021/6/1,0.5,25.7,15.1
2021/6/2,0,26.4,19
2021/6/3,3,27.4,18.1
2021/6/4,23,23.9,19.3
2021/6/5,0,26.7,19.1
2021/6/6,0.5,24,19.5
2021/6/7,0,29.7,19.7
2021/6/8,0,31.4,18.8
2021/6/9,0,31.1,19.5
2021/6/10,0,30.7,19
2021/6/11,0,29.4,20.6
2021/6/12,0,28.1,19.5
2021/6/13,0,28.1,21.2
2021/6/14,3.5,23.7,19
2021/6/15,1,29.5,18.8
2021/6/16,30.5,24.9,20.6
2021/6/17,3.5,26.7,18.9
2021/6/18,0,27.4,18.5
2021/6/19,12,23.1,19.2
2021/6/20,14.5,28.6,19.5
2021/6/21,0,27.9,19.6
2021/6/22,0,28.6,19.1
2021/6/23,1.5,25.6,20.6
2021/6/24,0,27.2,19.1
2021/6/25,19,27.5,20.7
2021/6/26,0,28.4,20.5
2021/6/27,0,26.7,21.6
2021/6/28,0,29.6,20.1
2021/6/29,53,28.4,18.8
2021/6/30,3,23.1,18.4
2021/7/1,64.5,22.9,20.1
2021/7/2,68,22.2,20.3
2021/7/3,53.5,25.8,20.5
2021/7/4,17.5,21.1,19.3
2021/7/5,2.5,25.1,19.9
2021/7/6,0.5,29.6,22
2021/7/7,0.5,30,22.9
2021/7/8,7.5,24.8,22.3
2021/7/9,9,24.9,22.2
2021/7/10,4.5,33.4,22.7
2021/7/11,17.5,31.8,21.2
2021/7/12,0,31.6,21
2021/7/13,0,29,23.4
2021/7/14,0,28.8,22.8
2021/7/15,0,31.1,23
2021/7/16,0,33.2,24.1
2021/7/17,0,32.6,23.5
2021/7/18,0,33.2,23.7
2021/7/19,0,34.7,25.1
2021/7/20,0,34,25.6
2021/7/21,0,33.6,24.3
2021/7/22,0,34.2,24.1
2021/7/23,0,34,24.6
2021/7/24,0,34.4,25.3
2021/7/25,0,34.4,24.7
2021/7/26,0,32.1,24.6
2021/7/27,34.5,29.8,21.3
2021/7/28,0,32,23.9
2021/7/29,0,32.1,24.3
2021/7/30,30,30.5,23.9
2021/7/31,0,32.5,23.3
2021/8/1,0,33.7,24.2
2021/8/2,0.5,33.1,25.6
2021/8/3,3,32.9,25.7
2021/8/4,0,34.5,25.7
2021/8/5,0,34.7,24
2021/8/6,0,34.8,24.6
2021/8/7,2,31.4,26.3
2021/8/8,90.5,28.8,24.7
2021/8/9,2,31.3,25.6
2021/8/10,0,36.8,27.2
2021/8/11,0,33.5,25.9
2021/8/12,0.5,29.2,23.9
2021/8/13,20.5,25.4,20.5
2021/8/14,77,25.6,20.1
2021/8/15,138.5,20.2,18.4
2021/8/16,2,22.5,19
2021/8/17,23.5,27.4,20.7
2021/8/18,3,31.3,24.5
2021/8/19,0,33.8,25.1
2021/8/20,0,33.7,25.2
2021/8/21,0,32.1,24.8
2021/8/22,0,33.6,25.5
2021/8/23,2.5,30.3,22.2
2021/8/24,0,31,23.9
2021/8/25,0,34.4,26.3
2021/8/26,0,35.7,26.6
2021/8/27,0,34.3,26.9
2021/8/28,0,34.8,26.7
2021/8/29,0,32.8,26.5
2021/8/30,0,33.8,26.1
2021/8/31,17,32.4,21.2
2021/9/1,3,23.5,18.3
2021/9/2,18.5,20.6,18.4
2021/9/3,17,21.4,18.7
2021/9/4,14,22.9,19.2
2021/9/5,10,24.7,18.6
2021/9/6,8.5,21.8,18.1
2021/9/7,0,24.4,16.8
2021/9/8,0.5,25,16.9
2021/9/9,14,22.5,18.3
2021/9/10,0,30,20.6
2021/9/11,0,29.1,22.7
2021/9/12,0,26.9,22.8
2021/9/13,0,30.7,21.5
2021/9/14,5.5,25.7,19.8
2021/9/15,1.5,28.5,19.4
2021/9/16,0,27.4,19.4
2021/9/17,0,25.2,17.6
2021/9/18,124.5,26,22
2021/9/19,0,29.2,19
2021/9/20,0,28.3,17.8
2021/9/21,0,27.9,18.6
2021/9/22,1,29.5,20.6
2021/9/23,0,31.7,22.9
2021/9/24,0,30.6,21.2
2021/9/25,0,24.5,20.3
2021/9/26,0,21.3,18.2
2021/9/27,0,24.8,17
2021/9/28,0,26.6,16.9
2021/9/29,0,26.3,17.5
2021/9/30,4.5,29.2,19.3
2021/10/1,113,21.3,17.2
2021/10/2,2,30.1,15.2
2021/10/3,0,27.7,18
2021/10/4,0,29.7,18.6
2021/10/5,0,29.1,19.3
2021/10/6,0,28.5,19.5
2021/10/7,0,24.1,18.2
2021/10/8,0,29.2,20.2
2021/10/9,0,28.1,20.3
2021/10/10,0,26.7,19.7
2021/10/11,0,29.3,19.5
2021/10/12,2.5,23.8,17.9
2021/10/13,10.5,18.5,16.4
2021/10/14,0,24.5,15.9
2021/10/15,0,25.4,16.6
2021/10/16,0.5,23.2,18.9
2021/10/17,13.5,21.2,11.1
2021/10/18,0,18.8,9.2
2021/10/19,9,15.4,11.5
2021/10/20,0,22.3,11.6
2021/10/21,0,19.3,12.3
2021/10/22,9.5,15.3,10.2
2021/10/23,0,19.2,8.6
2021/10/24,0,19.5,7.9
2021/10/25,5.5,17.3,10.9
2021/10/26,30,20.4,11.2
2021/10/27,1,16.6,12.8
2021/10/28,0.5,23,13.7
2021/10/29,0,20,10.9
2021/10/30,0,20.4,9.5
2021/10/31,2,16.4,12.3
2021/11/1,0,21.4,12.4
2021/11/2,0,21.9,15.3
2021/11/3,0,22.1,13.5
2021/11/4,0,20.3,11.6
2021/11/5,0,20.3,11.5
2021/11/6,0,19.6,10.6
2021/11/7,1,19.2,12.2
2021/11/8,1.5,21.5,12.7
2021/11/9,47.5,19.8,14.2
2021/11/10,0,20.9,13.6
2021/11/11,0,20.7,10.8
2021/11/12,0,21.5,9.7
2021/11/13,0,18.4,8.6
2021/11/14,0,19.6,8.9
2021/11/15,0,20.4,9.5
2021/11/16,0,18.8,11.2
2021/11/17,0,17.6,9.8
2021/11/18,0,17.4,9.6
2021/11/19,0,17.6,8.4
2021/11/20,0,18.7,8.3
2021/11/21,12.5,15.8,9.4
2021/11/22,24.5,16.6,11.9
2021/11/23,0,17,7.9
2021/11/24,0,16.9,7.2
2021/11/25,0,18.5,6
2021/11/26,0,17.3,8.3
2021/11/27,0,13.8,6.2
2021/11/28,0,14.4,3.8
2021/11/29,0,13.6,4
2021/11/30,6,16.1,3.8
2021/12/1,54.5,20.3,9.7
2021/12/2,0,13.8,6.1
2021/12/3,0,16.1,4.6
2021/12/4,0,14.9,5.1
2021/12/5,0,11.9,5.4
2021/12/6,0,10.8,6.6
2021/12/7,9.5,14.9,9.5
2021/12/8,36.5,10.6,8.3
2021/12/9,0,14.2,8.2
2021/12/10,0,12.5,6.3
2021/12/11,0,15.4,4.1
2021/12/12,0,16.7,7.9
2021/12/13,0,13,5.8
2021/12/14,5.5,6.4,3.6
2021/12/15,0,14.3,2.6
2021/12/16,0,14.7,4.2
2021/12/17,6,11.9,4.9
2021/12/18,0,8.5,1.7
2021/12/19,0,10,-0.7
2021/12/20,0,11.9,0.8
2021/12/21,0,15.2,2
2021/12/22,0,13.5,5
2021/12/23,0,13.2,5
2021/12/24,0.5,13.2,3.6
2021/12/25,3.5,14.1,4.7
2021/12/26,0,7.6,-0.2
2021/12/27,0,8.1,-2.2
2021/12/28,0,9.5,-1.6
2021/12/29,0,8.9,0.9
2021/12/30,0,14.5,0.6
2021/12/31,0,6,0.1